id,interval_id,sample_id,mn_grade,fe_grade,sio2_grade,sample_date,assay_source
SMP-0001,INT-0001,SMP-0001,2.17,6.0,49.29,2025-02-01,MOIL Central Geology Lab
SMP-0002,INT-0002,SMP-0002,4.37,11.99,51.37,2025-02-01,MOIL Central Geology Lab
SMP-0003,INT-0003,SMP-0003,2.86,9.34,45.21,2025-02-01,MOIL Central Geology Lab
SMP-0004,INT-0004,SMP-0004,2.83,3.67,53.76,2025-02-01,MOIL Central Geology Lab
SMP-0005,INT-0005,SMP-0005,0.59,9.42,56.47,2025-02-01,MOIL Central Geology Lab
SMP-0006,INT-0006,SMP-0006,0.4,9.29,50.12,2025-02-01,MOIL Central Geology Lab
SMP-0007,INT-0007,SMP-0007,4.35,11.7,54.14,2025-02-01,MOIL Central Geology Lab
SMP-0008,INT-0008,SMP-0008,3.14,9.32,70.0,2025-02-01,MOIL Central Geology Lab
SMP-0009,INT-0009,SMP-0009,1.31,9.95,54.35,2025-02-01,MOIL Central Geology Lab
SMP-0010,INT-0010,SMP-0010,2.64,2.38,70.27,2025-02-01,MOIL Central Geology Lab
SMP-0011,INT-0011,SMP-0011,4.05,9.17,72.66,2025-02-01,MOIL Central Geology Lab
SMP-0012,INT-0012,SMP-0012,2.44,13.53,70.34,2025-02-01,MOIL Central Geology Lab
SMP-0013,INT-0013,SMP-0013,3.76,6.28,53.43,2025-02-01,MOIL Central Geology Lab
SMP-0014,INT-0014,SMP-0014,1.47,3.98,45.47,2025-02-01,MOIL Central Geology Lab
SMP-0015,INT-0015,SMP-0015,1.05,2.07,69.46,2025-02-01,MOIL Central Geology Lab
SMP-0016,INT-0016,SMP-0016,3.6,9.27,72.79,2025-02-01,MOIL Central Geology Lab
SMP-0017,INT-0017,SMP-0017,3.86,7.39,47.86,2025-02-01,MOIL Central Geology Lab
SMP-0018,INT-0018,SMP-0018,1.6,10.76,64.13,2025-02-01,MOIL Central Geology Lab
SMP-0019,INT-0019,SMP-0019,1.85,13.66,70.47,2025-02-01,MOIL Central Geology Lab
SMP-0020,INT-0020,SMP-0020,3.52,7.93,60.68,2025-02-01,MOIL Central Geology Lab
SMP-0021,INT-0021,SMP-0021,2.09,4.42,71.87,2025-02-01,MOIL Central Geology Lab
SMP-0022,INT-0022,SMP-0022,2.39,12.89,52.48,2025-02-01,MOIL Central Geology Lab
SMP-0023,INT-0023,SMP-0023,1.07,13.31,62.97,2025-02-01,MOIL Central Geology Lab
SMP-0024,INT-0024,SMP-0024,2.88,5.55,48.16,2025-02-01,MOIL Central Geology Lab
SMP-0025,INT-0025,SMP-0025,4.0,5.89,48.66,2025-02-01,MOIL Central Geology Lab
SMP-0026,INT-0026,SMP-0026,0.67,4.74,57.81,2025-02-01,MOIL Central Geology Lab
SMP-0027,INT-0027,SMP-0027,1.51,3.98,61.02,2025-02-01,MOIL Central Geology Lab
SMP-0028,INT-0028,SMP-0028,0.72,6.05,73.29,2025-02-01,MOIL Central Geology Lab
SMP-0029,INT-0029,SMP-0029,1.94,2.78,52.62,2025-02-01,MOIL Central Geology Lab
SMP-0030,INT-0030,SMP-0030,2.34,5.61,53.55,2025-02-01,MOIL Central Geology Lab
SMP-0031,INT-0031,SMP-0031,4.4,6.93,45.99,2025-02-01,MOIL Central Geology Lab
SMP-0032,INT-0032,SMP-0032,1.23,3.74,59.68,2025-02-01,MOIL Central Geology Lab
SMP-0033,INT-0033,SMP-0033,3.09,11.14,52.13,2025-02-01,MOIL Central Geology Lab
SMP-0034,INT-0034,SMP-0034,2.92,9.6,61.07,2025-02-01,MOIL Central Geology Lab
SMP-0035,INT-0035,SMP-0035,0.85,8.1,65.87,2025-02-01,MOIL Central Geology Lab
SMP-0036,INT-0036,SMP-0036,0.95,10.29,56.6,2025-05-29,MOIL Central Geology Lab
SMP-0037,INT-0037,SMP-0037,3.11,10.82,51.27,2025-05-29,MOIL Central Geology Lab
SMP-0038,INT-0038,SMP-0038,1.31,9.92,69.52,2025-05-29,MOIL Central Geology Lab
SMP-0039,INT-0039,SMP-0039,1.24,3.12,71.92,2025-05-29,MOIL Central Geology Lab
SMP-0040,INT-0040,SMP-0040,1.01,5.35,66.01,2025-05-29,MOIL Central Geology Lab
SMP-0041,INT-0041,SMP-0041,3.55,9.7,47.52,2025-05-29,MOIL Central Geology Lab
SMP-0042,INT-0042,SMP-0042,3.08,8.97,56.17,2025-05-29,MOIL Central Geology Lab
SMP-0043,INT-0043,SMP-0043,0.22,3.93,61.46,2025-05-29,MOIL Central Geology Lab
SMP-0044,INT-0044,SMP-0044,1.16,10.55,52.12,2025-05-29,MOIL Central Geology Lab
SMP-0045,INT-0045,SMP-0045,3.3,5.7,61.28,2025-05-29,MOIL Central Geology Lab
SMP-0046,INT-0046,SMP-0046,1.34,4.93,74.19,2025-05-29,MOIL Central Geology Lab
SMP-0047,INT-0047,SMP-0047,4.1,7.21,55.5,2025-05-29,MOIL Central Geology Lab
SMP-0048,INT-0048,SMP-0048,2.32,4.34,66.67,2025-05-29,MOIL Central Geology Lab
SMP-0049,INT-0049,SMP-0049,3.5,2.52,74.84,2025-05-29,MOIL Central Geology Lab
SMP-0050,INT-0050,SMP-0050,4.13,6.44,45.46,2025-05-29,MOIL Central Geology Lab
SMP-0051,INT-0051,SMP-0051,2.58,8.87,74.41,2025-05-29,MOIL Central Geology Lab
SMP-0052,INT-0052,SMP-0052,1.86,12.21,54.51,2025-05-29,MOIL Central Geology Lab
SMP-0053,INT-0053,SMP-0053,1.9,12.13,72.9,2025-05-29,MOIL Central Geology Lab
SMP-0054,INT-0054,SMP-0054,2.84,13.88,49.2,2025-05-29,MOIL Central Geology Lab
SMP-0055,INT-0055,SMP-0055,1.59,12.18,49.1,2025-05-29,MOIL Central Geology Lab
SMP-0056,INT-0056,SMP-0056,1.46,11.71,69.3,2025-05-29,MOIL Central Geology Lab
SMP-0057,INT-0057,SMP-0057,0.55,2.06,63.84,2025-05-29,MOIL Central Geology Lab
SMP-0058,INT-0058,SMP-0058,3.62,12.68,55.14,2025-05-29,MOIL Central Geology Lab
SMP-0059,INT-0059,SMP-0059,2.09,10.06,54.84,2025-05-29,MOIL Central Geology Lab
SMP-0060,INT-0060,SMP-0060,1.43,9.09,45.92,2025-05-29,MOIL Central Geology Lab
SMP-0061,INT-0061,SMP-0061,1.5,8.44,54.8,2025-05-29,MOIL Central Geology Lab
SMP-0062,INT-0062,SMP-0062,2.17,12.1,50.83,2025-05-29,MOIL Central Geology Lab
SMP-0063,INT-0063,SMP-0063,2.94,10.71,74.28,2025-05-29,MOIL Central Geology Lab
SMP-0064,INT-0064,SMP-0064,0.38,6.79,58.01,2025-05-29,MOIL Central Geology Lab
SMP-0065,INT-0065,SMP-0065,0.31,13.55,70.08,2025-05-29,MOIL Central Geology Lab
SMP-0066,INT-0066,SMP-0066,0.45,12.98,58.27,2025-05-29,MOIL Central Geology Lab
SMP-0067,INT-0067,SMP-0067,3.27,9.92,53.4,2025-05-29,MOIL Central Geology Lab
SMP-0068,INT-0068,SMP-0068,3.03,7.23,66.9,2025-05-29,MOIL Central Geology Lab
SMP-0069,INT-0069,SMP-0069,1.73,11.09,45.43,2025-05-29,MOIL Central Geology Lab
SMP-0070,INT-0070,SMP-0070,0.6,5.74,74.39,2025-05-29,MOIL Central Geology Lab
SMP-0071,INT-0071,SMP-0071,3.48,11.68,55.39,2025-05-29,MOIL Central Geology Lab
SMP-0072,INT-0072,SMP-0072,1.91,9.39,64.05,2025-05-29,MOIL Central Geology Lab
SMP-0073,INT-0073,SMP-0073,4.26,12.41,64.09,2025-06-07,MOIL Central Geology Lab
SMP-0074,INT-0074,SMP-0074,2.67,3.54,69.34,2025-06-07,MOIL Central Geology Lab
SMP-0075,INT-0075,SMP-0075,3.73,9.82,51.2,2025-06-07,MOIL Central Geology Lab
SMP-0076,INT-0076,SMP-0076,1.82,2.47,63.55,2025-06-07,MOIL Central Geology Lab
SMP-0077,INT-0077,SMP-0077,1.57,12.14,45.7,2025-06-07,MOIL Central Geology Lab
SMP-0078,INT-0078,SMP-0078,2.33,10.31,55.45,2025-06-07,MOIL Central Geology Lab
SMP-0079,INT-0079,SMP-0079,3.65,5.38,50.32,2025-06-07,MOIL Central Geology Lab
SMP-0080,INT-0080,SMP-0080,4.46,6.95,56.16,2025-06-07,MOIL Central Geology Lab
SMP-0081,INT-0081,SMP-0081,4.2,12.3,57.87,2025-06-07,MOIL Central Geology Lab
SMP-0082,INT-0082,SMP-0082,1.22,6.53,61.03,2025-06-07,MOIL Central Geology Lab
SMP-0083,INT-0083,SMP-0083,1.58,12.75,56.68,2025-06-07,MOIL Central Geology Lab
SMP-0084,INT-0084,SMP-0084,3.84,6.26,73.7,2025-06-07,MOIL Central Geology Lab
SMP-0085,INT-0085,SMP-0085,2.32,3.0,47.75,2025-06-07,MOIL Central Geology Lab
SMP-0086,INT-0086,SMP-0086,1.11,13.35,68.44,2025-06-07,MOIL Central Geology Lab
SMP-0087,INT-0087,SMP-0087,2.33,2.69,61.49,2025-06-07,MOIL Central Geology Lab
SMP-0088,INT-0088,SMP-0088,2.55,10.47,74.06,2025-06-07,MOIL Central Geology Lab
SMP-0089,INT-0089,SMP-0089,2.86,3.21,47.52,2025-06-07,MOIL Central Geology Lab
SMP-0090,INT-0090,SMP-0090,1.91,12.7,49.4,2025-06-07,MOIL Central Geology Lab
SMP-0091,INT-0091,SMP-0091,4.44,6.49,56.12,2025-06-07,MOIL Central Geology Lab
SMP-0092,INT-0092,SMP-0092,4.1,9.1,55.51,2025-06-07,MOIL Central Geology Lab
SMP-0093,INT-0093,SMP-0093,3.54,8.7,57.73,2025-06-07,MOIL Central Geology Lab
SMP-0094,INT-0094,SMP-0094,2.07,5.04,57.16,2025-06-07,MOIL Central Geology Lab
SMP-0095,INT-0095,SMP-0095,3.74,10.93,65.43,2025-06-07,MOIL Central Geology Lab
SMP-0096,INT-0096,SMP-0096,1.81,5.43,71.06,2025-06-07,MOIL Central Geology Lab
SMP-0097,INT-0097,SMP-0097,3.65,13.73,61.68,2025-06-07,MOIL Central Geology Lab
SMP-0098,INT-0098,SMP-0098,4.18,13.03,52.59,2025-06-07,MOIL Central Geology Lab
SMP-0099,INT-0099,SMP-0099,2.45,9.55,65.87,2025-06-07,MOIL Central Geology Lab
SMP-0100,INT-0100,SMP-0100,3.2,6.61,67.11,2025-06-07,MOIL Central Geology Lab
SMP-0101,INT-0101,SMP-0101,1.01,7.56,55.6,2025-01-23,MOIL Central Geology Lab
SMP-0102,INT-0102,SMP-0102,4.39,13.83,65.94,2025-01-23,MOIL Central Geology Lab
SMP-0103,INT-0103,SMP-0103,1.97,9.23,53.13,2025-01-23,MOIL Central Geology Lab
SMP-0104,INT-0104,SMP-0104,3.74,13.4,66.77,2025-01-23,MOIL Central Geology Lab
SMP-0105,INT-0105,SMP-0105,0.56,12.52,61.55,2025-01-23,MOIL Central Geology Lab
SMP-0106,INT-0106,SMP-0106,3.54,7.76,74.56,2025-01-23,MOIL Central Geology Lab
SMP-0107,INT-0107,SMP-0107,1.84,13.64,70.26,2025-01-23,MOIL Central Geology Lab
SMP-0108,INT-0108,SMP-0108,0.36,3.61,45.41,2025-01-23,MOIL Central Geology Lab
SMP-0109,INT-0109,SMP-0109,2.5,11.0,72.39,2025-01-23,MOIL Central Geology Lab
SMP-0110,INT-0110,SMP-0110,4.26,12.2,52.42,2025-01-23,MOIL Central Geology Lab
SMP-0111,INT-0111,SMP-0111,1.28,5.3,51.22,2025-01-23,MOIL Central Geology Lab
SMP-0112,INT-0112,SMP-0112,1.74,3.36,65.15,2025-01-23,MOIL Central Geology Lab
SMP-0113,INT-0113,SMP-0113,3.77,5.69,69.49,2025-01-23,MOIL Central Geology Lab
SMP-0114,INT-0114,SMP-0114,3.97,6.84,49.02,2025-01-23,MOIL Central Geology Lab
SMP-0115,INT-0115,SMP-0115,3.57,9.67,69.15,2025-01-23,MOIL Central Geology Lab
SMP-0116,INT-0116,SMP-0116,1.71,9.08,56.77,2025-01-23,MOIL Central Geology Lab
SMP-0117,INT-0117,SMP-0117,3.32,8.57,58.53,2025-01-23,MOIL Central Geology Lab
SMP-0118,INT-0118,SMP-0118,2.87,12.35,73.49,2025-01-23,MOIL Central Geology Lab
SMP-0119,INT-0119,SMP-0119,2.32,5.1,58.77,2025-01-23,MOIL Central Geology Lab
SMP-0120,INT-0120,SMP-0120,1.69,4.51,62.39,2025-01-23,MOIL Central Geology Lab
SMP-0121,INT-0121,SMP-0121,0.75,3.54,49.56,2025-01-23,MOIL Central Geology Lab
SMP-0122,INT-0122,SMP-0122,4.06,7.69,65.03,2025-01-23,MOIL Central Geology Lab
SMP-0123,INT-0123,SMP-0123,1.16,11.86,55.35,2025-01-23,MOIL Central Geology Lab
SMP-0124,INT-0124,SMP-0124,0.58,3.45,58.82,2025-01-23,MOIL Central Geology Lab
SMP-0125,INT-0125,SMP-0125,0.75,5.96,54.65,2025-01-23,MOIL Central Geology Lab
SMP-0126,INT-0126,SMP-0126,2.9,2.98,71.21,2025-01-23,MOIL Central Geology Lab
SMP-0127,INT-0127,SMP-0127,0.21,12.42,47.54,2025-01-23,MOIL Central Geology Lab
SMP-0128,INT-0128,SMP-0128,2.51,13.09,52.08,2025-01-23,MOIL Central Geology Lab
SMP-0129,INT-0129,SMP-0129,4.05,8.14,60.96,2025-01-30,MOIL Central Geology Lab
SMP-0130,INT-0130,SMP-0130,1.72,6.77,48.15,2025-01-30,MOIL Central Geology Lab
SMP-0131,INT-0131,SMP-0131,2.63,12.09,47.68,2025-01-30,MOIL Central Geology Lab
SMP-0132,INT-0132,SMP-0132,4.03,9.12,65.37,2025-01-30,MOIL Central Geology Lab
SMP-0133,INT-0133,SMP-0133,2.26,9.01,67.1,2025-01-30,MOIL Central Geology Lab
SMP-0134,INT-0134,SMP-0134,2.63,6.55,55.12,2025-01-30,MOIL Central Geology Lab
SMP-0135,INT-0135,SMP-0135,1.25,7.98,54.91,2025-01-30,MOIL Central Geology Lab
SMP-0136,INT-0136,SMP-0136,0.86,4.95,49.82,2025-01-30,MOIL Central Geology Lab
SMP-0137,INT-0137,SMP-0137,0.44,12.11,46.55,2025-01-30,MOIL Central Geology Lab
SMP-0138,INT-0138,SMP-0138,48.44,8.93,11.76,2025-01-30,MOIL Central Geology Lab
SMP-0139,INT-0139,SMP-0139,1.31,4.05,65.06,2025-01-30,MOIL Central Geology Lab
SMP-0140,INT-0140,SMP-0140,39.72,5.54,13.69,2025-01-30,MOIL Central Geology Lab
SMP-0141,INT-0141,SMP-0141,36.72,6.79,8.42,2025-01-30,MOIL Central Geology Lab
SMP-0142,INT-0142,SMP-0142,33.92,7.2,7.54,2025-01-30,MOIL Central Geology Lab
SMP-0143,INT-0143,SMP-0143,29.06,5.85,7.34,2025-01-30,MOIL Central Geology Lab
SMP-0144,INT-0144,SMP-0144,34.61,8.45,8.55,2025-01-30,MOIL Central Geology Lab
SMP-0145,INT-0145,SMP-0145,40.21,6.59,10.12,2025-01-30,MOIL Central Geology Lab
SMP-0146,INT-0146,SMP-0146,45.03,9.31,7.24,2025-01-30,MOIL Central Geology Lab
SMP-0147,INT-0147,SMP-0147,31.72,4.37,13.41,2025-01-30,MOIL Central Geology Lab
SMP-0148,INT-0148,SMP-0148,1.0,4.83,64.01,2025-02-09,MOIL Central Geology Lab
SMP-0149,INT-0149,SMP-0149,3.97,6.71,69.5,2025-02-09,MOIL Central Geology Lab
SMP-0150,INT-0150,SMP-0150,4.07,9.49,61.19,2025-02-09,MOIL Central Geology Lab
SMP-0151,INT-0151,SMP-0151,1.2,12.79,56.52,2025-02-09,MOIL Central Geology Lab
SMP-0152,INT-0152,SMP-0152,2.53,7.18,54.98,2025-02-09,MOIL Central Geology Lab
SMP-0153,INT-0153,SMP-0153,0.8,11.53,63.6,2025-02-09,MOIL Central Geology Lab
SMP-0154,INT-0154,SMP-0154,2.66,13.97,67.57,2025-02-09,MOIL Central Geology Lab
SMP-0155,INT-0155,SMP-0155,3.4,2.4,62.1,2025-02-09,MOIL Central Geology Lab
SMP-0156,INT-0156,SMP-0156,3.44,3.23,61.09,2025-02-09,MOIL Central Geology Lab
SMP-0157,INT-0157,SMP-0157,0.75,6.77,68.92,2025-02-09,MOIL Central Geology Lab
SMP-0158,INT-0158,SMP-0158,1.96,11.26,45.37,2025-02-09,MOIL Central Geology Lab
SMP-0159,INT-0159,SMP-0159,1.28,6.15,50.45,2025-02-09,MOIL Central Geology Lab
SMP-0160,INT-0160,SMP-0160,1.18,7.08,53.64,2025-02-09,MOIL Central Geology Lab
SMP-0161,INT-0161,SMP-0161,2.72,8.07,63.34,2025-02-09,MOIL Central Geology Lab
SMP-0162,INT-0162,SMP-0162,4.21,8.78,65.9,2025-02-09,MOIL Central Geology Lab
SMP-0163,INT-0163,SMP-0163,0.86,8.92,63.2,2025-02-09,MOIL Central Geology Lab
SMP-0164,INT-0164,SMP-0164,0.65,12.09,72.32,2025-02-09,MOIL Central Geology Lab
SMP-0165,INT-0165,SMP-0165,4.43,12.07,48.74,2025-02-09,MOIL Central Geology Lab
SMP-0166,INT-0166,SMP-0166,1.54,4.73,63.24,2025-02-09,MOIL Central Geology Lab
SMP-0167,INT-0167,SMP-0167,1.64,11.63,45.14,2025-02-09,MOIL Central Geology Lab
SMP-0168,INT-0168,SMP-0168,1.98,12.36,72.69,2025-02-09,MOIL Central Geology Lab
SMP-0169,INT-0169,SMP-0169,3.37,7.43,51.74,2025-02-09,MOIL Central Geology Lab
SMP-0170,INT-0170,SMP-0170,1.27,8.93,49.97,2025-02-09,MOIL Central Geology Lab
SMP-0171,INT-0171,SMP-0171,1.76,8.97,63.97,2025-02-09,MOIL Central Geology Lab
SMP-0172,INT-0172,SMP-0172,2.42,13.71,58.77,2025-02-09,MOIL Central Geology Lab
SMP-0173,INT-0173,SMP-0173,0.57,13.96,60.07,2025-02-09,MOIL Central Geology Lab
SMP-0174,INT-0174,SMP-0174,1.91,7.12,68.99,2025-02-09,MOIL Central Geology Lab
SMP-0175,INT-0175,SMP-0175,1.02,2.44,59.16,2025-02-09,MOIL Central Geology Lab
SMP-0176,INT-0176,SMP-0176,1.46,10.57,60.83,2025-02-09,MOIL Central Geology Lab
SMP-0177,INT-0177,SMP-0177,1.92,8.72,49.66,2025-02-09,MOIL Central Geology Lab
SMP-0178,INT-0178,SMP-0178,0.52,11.04,53.17,2025-02-09,MOIL Central Geology Lab
SMP-0179,INT-0179,SMP-0179,1.96,2.3,49.68,2025-02-09,MOIL Central Geology Lab
SMP-0180,INT-0180,SMP-0180,1.95,8.62,52.62,2025-02-09,MOIL Central Geology Lab
SMP-0181,INT-0181,SMP-0181,0.28,3.25,69.0,2025-02-09,MOIL Central Geology Lab
SMP-0182,INT-0182,SMP-0182,2.59,10.65,69.16,2025-02-09,MOIL Central Geology Lab
SMP-0183,INT-0183,SMP-0183,3.77,6.77,65.04,2025-02-09,MOIL Central Geology Lab
SMP-0184,INT-0184,SMP-0184,1.59,3.04,64.0,2025-02-09,MOIL Central Geology Lab
SMP-0185,INT-0185,SMP-0185,0.31,4.18,62.49,2025-02-09,MOIL Central Geology Lab
SMP-0186,INT-0186,SMP-0186,4.12,9.5,55.08,2025-02-09,MOIL Central Geology Lab
SMP-0187,INT-0187,SMP-0187,2.08,5.53,73.45,2025-03-07,MOIL Central Geology Lab
SMP-0188,INT-0188,SMP-0188,3.93,7.85,71.84,2025-03-07,MOIL Central Geology Lab
SMP-0189,INT-0189,SMP-0189,2.28,8.15,67.25,2025-03-07,MOIL Central Geology Lab
SMP-0190,INT-0190,SMP-0190,1.31,3.67,70.05,2025-03-07,MOIL Central Geology Lab
SMP-0191,INT-0191,SMP-0191,4.07,10.29,65.5,2025-03-07,MOIL Central Geology Lab
SMP-0192,INT-0192,SMP-0192,3.7,7.98,47.02,2025-03-07,MOIL Central Geology Lab
SMP-0193,INT-0193,SMP-0193,3.77,4.48,45.33,2025-03-07,MOIL Central Geology Lab
SMP-0194,INT-0194,SMP-0194,1.35,10.79,52.52,2025-03-07,MOIL Central Geology Lab
SMP-0195,INT-0195,SMP-0195,0.95,12.97,57.56,2025-03-07,MOIL Central Geology Lab
SMP-0196,INT-0196,SMP-0196,2.01,6.25,73.76,2025-03-07,MOIL Central Geology Lab
SMP-0197,INT-0197,SMP-0197,2.79,4.94,56.68,2025-03-07,MOIL Central Geology Lab
SMP-0198,INT-0198,SMP-0198,3.3,9.32,73.48,2025-03-07,MOIL Central Geology Lab
SMP-0199,INT-0199,SMP-0199,0.78,7.81,53.1,2025-03-07,MOIL Central Geology Lab
SMP-0200,INT-0200,SMP-0200,2.76,2.62,59.89,2025-03-07,MOIL Central Geology Lab
SMP-0201,INT-0201,SMP-0201,2.88,7.69,55.33,2025-03-07,MOIL Central Geology Lab
SMP-0202,INT-0202,SMP-0202,2.33,10.26,58.04,2025-03-07,MOIL Central Geology Lab
SMP-0203,INT-0203,SMP-0203,0.53,2.03,74.03,2025-03-07,MOIL Central Geology Lab
SMP-0204,INT-0204,SMP-0204,1.55,11.69,73.86,2025-03-07,MOIL Central Geology Lab
SMP-0205,INT-0205,SMP-0205,2.12,4.22,61.26,2025-03-07,MOIL Central Geology Lab
SMP-0206,INT-0206,SMP-0206,3.67,9.91,65.77,2025-03-07,MOIL Central Geology Lab
SMP-0207,INT-0207,SMP-0207,4.08,9.76,65.8,2025-03-07,MOIL Central Geology Lab
SMP-0208,INT-0208,SMP-0208,0.37,10.47,72.76,2025-03-07,MOIL Central Geology Lab
SMP-0209,INT-0209,SMP-0209,2.23,5.75,48.62,2025-03-07,MOIL Central Geology Lab
SMP-0210,INT-0210,SMP-0210,4.17,13.65,73.33,2025-03-07,MOIL Central Geology Lab
SMP-0211,INT-0211,SMP-0211,0.44,7.46,60.67,2025-03-07,MOIL Central Geology Lab
SMP-0212,INT-0212,SMP-0212,2.76,4.76,48.62,2025-03-07,MOIL Central Geology Lab
SMP-0213,INT-0213,SMP-0213,2.48,7.29,57.13,2025-03-07,MOIL Central Geology Lab
SMP-0214,INT-0214,SMP-0214,2.52,9.94,67.14,2025-03-07,MOIL Central Geology Lab
SMP-0215,INT-0215,SMP-0215,2.85,4.8,45.73,2025-03-07,MOIL Central Geology Lab
SMP-0216,INT-0216,SMP-0216,0.2,4.23,56.52,2025-03-07,MOIL Central Geology Lab
SMP-0217,INT-0217,SMP-0217,4.49,6.21,68.02,2025-03-07,MOIL Central Geology Lab
SMP-0218,INT-0218,SMP-0218,2.26,8.97,53.15,2025-03-07,MOIL Central Geology Lab
SMP-0219,INT-0219,SMP-0219,2.0,7.06,67.13,2025-03-07,MOIL Central Geology Lab
SMP-0220,INT-0220,SMP-0220,2.21,5.56,70.58,2025-03-07,MOIL Central Geology Lab
SMP-0221,INT-0221,SMP-0221,0.38,2.21,74.63,2025-03-07,MOIL Central Geology Lab
SMP-0222,INT-0222,SMP-0222,1.88,3.49,73.69,2025-03-07,MOIL Central Geology Lab
SMP-0223,INT-0223,SMP-0223,0.58,7.01,71.37,2025-03-07,MOIL Central Geology Lab
SMP-0224,INT-0224,SMP-0224,4.09,13.87,67.3,2025-03-07,MOIL Central Geology Lab
SMP-0225,INT-0225,SMP-0225,0.96,4.65,50.59,2025-06-02,MOIL Central Geology Lab
SMP-0226,INT-0226,SMP-0226,3.64,9.56,51.49,2025-06-02,MOIL Central Geology Lab
SMP-0227,INT-0227,SMP-0227,2.46,5.12,60.46,2025-06-02,MOIL Central Geology Lab
SMP-0228,INT-0228,SMP-0228,0.86,11.79,51.73,2025-06-02,MOIL Central Geology Lab
SMP-0229,INT-0229,SMP-0229,0.35,12.74,70.8,2025-06-02,MOIL Central Geology Lab
SMP-0230,INT-0230,SMP-0230,1.37,7.72,46.33,2025-06-02,MOIL Central Geology Lab
SMP-0231,INT-0231,SMP-0231,3.68,9.86,61.53,2025-06-02,MOIL Central Geology Lab
SMP-0232,INT-0232,SMP-0232,0.22,10.35,46.46,2025-06-02,MOIL Central Geology Lab
SMP-0233,INT-0233,SMP-0233,1.15,10.2,47.28,2025-06-02,MOIL Central Geology Lab
SMP-0234,INT-0234,SMP-0234,2.27,9.11,69.74,2025-06-02,MOIL Central Geology Lab
SMP-0235,INT-0235,SMP-0235,2.54,12.37,67.02,2025-06-02,MOIL Central Geology Lab
SMP-0236,INT-0236,SMP-0236,0.88,3.92,55.02,2025-06-02,MOIL Central Geology Lab
SMP-0237,INT-0237,SMP-0237,3.12,9.42,67.58,2025-06-02,MOIL Central Geology Lab
SMP-0238,INT-0238,SMP-0238,4.33,7.59,71.37,2025-06-02,MOIL Central Geology Lab
SMP-0239,INT-0239,SMP-0239,1.18,12.9,45.03,2025-06-02,MOIL Central Geology Lab
SMP-0240,INT-0240,SMP-0240,2.38,2.08,53.61,2025-06-02,MOIL Central Geology Lab
SMP-0241,INT-0241,SMP-0241,2.61,3.39,56.3,2025-06-02,MOIL Central Geology Lab
SMP-0242,INT-0242,SMP-0242,3.55,3.28,67.83,2025-06-02,MOIL Central Geology Lab
SMP-0243,INT-0243,SMP-0243,1.67,9.59,72.96,2025-06-02,MOIL Central Geology Lab
SMP-0244,INT-0244,SMP-0244,4.27,4.0,68.13,2025-06-02,MOIL Central Geology Lab
SMP-0245,INT-0245,SMP-0245,1.69,9.45,46.37,2025-06-02,MOIL Central Geology Lab
SMP-0246,INT-0246,SMP-0246,4.37,11.0,48.9,2025-06-02,MOIL Central Geology Lab
SMP-0247,INT-0247,SMP-0247,0.48,11.86,56.16,2025-06-02,MOIL Central Geology Lab
SMP-0248,INT-0248,SMP-0248,3.14,7.35,53.21,2025-06-02,MOIL Central Geology Lab
SMP-0249,INT-0249,SMP-0249,3.52,4.76,48.94,2025-05-27,MOIL Central Geology Lab
SMP-0250,INT-0250,SMP-0250,0.85,7.19,73.31,2025-05-27,MOIL Central Geology Lab
SMP-0251,INT-0251,SMP-0251,4.35,11.12,58.27,2025-05-27,MOIL Central Geology Lab
SMP-0252,INT-0252,SMP-0252,4.04,4.76,51.39,2025-05-27,MOIL Central Geology Lab
SMP-0253,INT-0253,SMP-0253,3.27,8.75,59.15,2025-05-27,MOIL Central Geology Lab
SMP-0254,INT-0254,SMP-0254,1.08,3.09,49.61,2025-05-27,MOIL Central Geology Lab
SMP-0255,INT-0255,SMP-0255,3.47,9.51,48.94,2025-05-27,MOIL Central Geology Lab
SMP-0256,INT-0256,SMP-0256,2.85,11.56,59.45,2025-05-27,MOIL Central Geology Lab
SMP-0257,INT-0257,SMP-0257,2.81,4.97,61.75,2025-05-27,MOIL Central Geology Lab
SMP-0258,INT-0258,SMP-0258,3.0,5.91,62.71,2025-05-27,MOIL Central Geology Lab
SMP-0259,INT-0259,SMP-0259,0.84,7.58,65.41,2025-05-27,MOIL Central Geology Lab
SMP-0260,INT-0260,SMP-0260,2.78,5.5,65.85,2025-05-27,MOIL Central Geology Lab
SMP-0261,INT-0261,SMP-0261,4.1,10.69,67.47,2025-05-27,MOIL Central Geology Lab
SMP-0262,INT-0262,SMP-0262,2.65,2.22,59.47,2025-05-27,MOIL Central Geology Lab
SMP-0263,INT-0263,SMP-0263,2.61,2.12,54.79,2025-05-27,MOIL Central Geology Lab
SMP-0264,INT-0264,SMP-0264,3.99,2.99,69.74,2025-05-27,MOIL Central Geology Lab
SMP-0265,INT-0265,SMP-0265,0.77,8.81,65.68,2025-05-27,MOIL Central Geology Lab
SMP-0266,INT-0266,SMP-0266,0.38,10.04,73.55,2025-05-27,MOIL Central Geology Lab
SMP-0267,INT-0267,SMP-0267,0.34,13.23,46.56,2025-05-27,MOIL Central Geology Lab
SMP-0268,INT-0268,SMP-0268,4.22,13.37,63.76,2025-05-27,MOIL Central Geology Lab
SMP-0269,INT-0269,SMP-0269,3.7,2.96,71.84,2025-05-27,MOIL Central Geology Lab
SMP-0270,INT-0270,SMP-0270,3.57,7.77,46.22,2025-05-27,MOIL Central Geology Lab
SMP-0271,INT-0271,SMP-0271,0.55,2.72,52.41,2025-05-27,MOIL Central Geology Lab
SMP-0272,INT-0272,SMP-0272,2.06,2.52,49.85,2025-03-05,MOIL Central Geology Lab
SMP-0273,INT-0273,SMP-0273,1.18,13.96,74.24,2025-03-05,MOIL Central Geology Lab
SMP-0274,INT-0274,SMP-0274,1.93,4.65,57.55,2025-03-05,MOIL Central Geology Lab
SMP-0275,INT-0275,SMP-0275,2.19,12.42,66.82,2025-03-05,MOIL Central Geology Lab
SMP-0276,INT-0276,SMP-0276,1.69,6.45,74.63,2025-03-05,MOIL Central Geology Lab
SMP-0277,INT-0277,SMP-0277,2.41,9.06,45.88,2025-03-05,MOIL Central Geology Lab
SMP-0278,INT-0278,SMP-0278,2.77,11.52,64.65,2025-03-05,MOIL Central Geology Lab
SMP-0279,INT-0279,SMP-0279,4.12,4.53,63.69,2025-03-05,MOIL Central Geology Lab
SMP-0280,INT-0280,SMP-0280,1.21,11.31,57.16,2025-03-05,MOIL Central Geology Lab
SMP-0281,INT-0281,SMP-0281,1.22,13.66,50.43,2025-03-05,MOIL Central Geology Lab
SMP-0282,INT-0282,SMP-0282,2.08,3.17,57.15,2025-03-05,MOIL Central Geology Lab
SMP-0283,INT-0283,SMP-0283,1.74,9.12,49.91,2025-03-05,MOIL Central Geology Lab
SMP-0284,INT-0284,SMP-0284,1.92,12.3,45.27,2025-03-05,MOIL Central Geology Lab
SMP-0285,INT-0285,SMP-0285,1.22,4.82,71.51,2025-03-05,MOIL Central Geology Lab
SMP-0286,INT-0286,SMP-0286,2.13,10.03,49.37,2025-03-05,MOIL Central Geology Lab
SMP-0287,INT-0287,SMP-0287,4.28,5.03,55.78,2025-03-05,MOIL Central Geology Lab
SMP-0288,INT-0288,SMP-0288,3.37,9.97,59.24,2025-03-05,MOIL Central Geology Lab
SMP-0289,INT-0289,SMP-0289,3.93,4.47,48.36,2025-03-05,MOIL Central Geology Lab
SMP-0290,INT-0290,SMP-0290,0.73,4.77,46.55,2025-03-05,MOIL Central Geology Lab
SMP-0291,INT-0291,SMP-0291,2.14,13.21,54.48,2025-03-05,MOIL Central Geology Lab
SMP-0292,INT-0292,SMP-0292,3.16,6.77,59.4,2025-03-05,MOIL Central Geology Lab
SMP-0293,INT-0293,SMP-0293,4.29,9.67,71.04,2025-03-05,MOIL Central Geology Lab
SMP-0294,INT-0294,SMP-0294,2.44,6.11,60.97,2025-03-05,MOIL Central Geology Lab
SMP-0295,INT-0295,SMP-0295,1.52,10.46,51.06,2025-03-05,MOIL Central Geology Lab
SMP-0296,INT-0296,SMP-0296,1.01,10.77,49.68,2025-03-05,MOIL Central Geology Lab
SMP-0297,INT-0297,SMP-0297,0.96,10.31,70.14,2025-03-05,MOIL Central Geology Lab
SMP-0298,INT-0298,SMP-0298,0.28,4.93,69.93,2025-03-05,MOIL Central Geology Lab
SMP-0299,INT-0299,SMP-0299,0.33,13.17,65.69,2025-03-05,MOIL Central Geology Lab
SMP-0300,INT-0300,SMP-0300,4.25,11.92,65.01,2025-03-05,MOIL Central Geology Lab
SMP-0301,INT-0301,SMP-0301,3.03,13.99,46.45,2025-03-05,MOIL Central Geology Lab
SMP-0302,INT-0302,SMP-0302,4.47,11.03,47.71,2025-03-05,MOIL Central Geology Lab
SMP-0303,INT-0303,SMP-0303,3.98,6.85,54.81,2025-03-05,MOIL Central Geology Lab
SMP-0304,INT-0304,SMP-0304,4.08,12.53,54.52,2025-03-05,MOIL Central Geology Lab
SMP-0305,INT-0305,SMP-0305,0.72,8.53,45.17,2025-03-05,MOIL Central Geology Lab
SMP-0306,INT-0306,SMP-0306,1.9,10.35,56.66,2025-03-05,MOIL Central Geology Lab
SMP-0307,INT-0307,SMP-0307,2.55,7.33,45.44,2025-03-05,MOIL Central Geology Lab
SMP-0308,INT-0308,SMP-0308,2.96,11.11,60.01,2025-03-05,MOIL Central Geology Lab
SMP-0309,INT-0309,SMP-0309,2.26,2.31,55.24,2025-03-05,MOIL Central Geology Lab
SMP-0310,INT-0310,SMP-0310,2.46,4.95,59.3,2025-03-05,MOIL Central Geology Lab
SMP-0311,INT-0311,SMP-0311,3.7,10.62,73.67,2025-03-05,MOIL Central Geology Lab
SMP-0312,INT-0312,SMP-0312,2.05,12.76,47.14,2025-03-05,MOIL Central Geology Lab
SMP-0313,INT-0313,SMP-0313,1.83,4.37,59.38,2025-03-05,MOIL Central Geology Lab
SMP-0314,INT-0314,SMP-0314,2.7,3.08,66.53,2025-05-04,MOIL Central Geology Lab
SMP-0315,INT-0315,SMP-0315,1.98,3.46,50.43,2025-05-04,MOIL Central Geology Lab
SMP-0316,INT-0316,SMP-0316,3.64,4.22,53.86,2025-05-04,MOIL Central Geology Lab
SMP-0317,INT-0317,SMP-0317,1.3,13.56,59.51,2025-05-04,MOIL Central Geology Lab
SMP-0318,INT-0318,SMP-0318,1.81,8.32,48.37,2025-05-04,MOIL Central Geology Lab
SMP-0319,INT-0319,SMP-0319,3.72,12.61,51.84,2025-05-04,MOIL Central Geology Lab
SMP-0320,INT-0320,SMP-0320,0.95,6.33,72.18,2025-05-04,MOIL Central Geology Lab
SMP-0321,INT-0321,SMP-0321,1.22,11.37,53.24,2025-05-04,MOIL Central Geology Lab
SMP-0322,INT-0322,SMP-0322,3.07,3.15,63.72,2025-05-04,MOIL Central Geology Lab
SMP-0323,INT-0323,SMP-0323,0.86,4.82,71.08,2025-05-04,MOIL Central Geology Lab
SMP-0324,INT-0324,SMP-0324,0.61,2.28,64.26,2025-05-04,MOIL Central Geology Lab
SMP-0325,INT-0325,SMP-0325,1.2,6.69,62.83,2025-05-04,MOIL Central Geology Lab
SMP-0326,INT-0326,SMP-0326,1.38,9.16,65.28,2025-05-04,MOIL Central Geology Lab
SMP-0327,INT-0327,SMP-0327,3.29,10.31,74.74,2025-05-04,MOIL Central Geology Lab
SMP-0328,INT-0328,SMP-0328,2.79,6.05,72.17,2025-05-04,MOIL Central Geology Lab
SMP-0329,INT-0329,SMP-0329,4.05,4.3,54.7,2025-05-04,MOIL Central Geology Lab
SMP-0330,INT-0330,SMP-0330,2.85,7.31,69.96,2025-05-04,MOIL Central Geology Lab
SMP-0331,INT-0331,SMP-0331,2.95,5.25,62.78,2025-05-04,MOIL Central Geology Lab
SMP-0332,INT-0332,SMP-0332,2.16,4.28,46.57,2025-05-04,MOIL Central Geology Lab
SMP-0333,INT-0333,SMP-0333,2.6,10.77,58.96,2025-05-04,MOIL Central Geology Lab
SMP-0334,INT-0334,SMP-0334,4.32,4.1,65.7,2025-05-04,MOIL Central Geology Lab
SMP-0335,INT-0335,SMP-0335,0.62,7.4,67.68,2025-05-04,MOIL Central Geology Lab
SMP-0336,INT-0336,SMP-0336,4.19,4.82,56.98,2025-05-04,MOIL Central Geology Lab
SMP-0337,INT-0337,SMP-0337,3.37,11.22,52.31,2025-05-04,MOIL Central Geology Lab
SMP-0338,INT-0338,SMP-0338,1.31,11.45,70.94,2025-05-04,MOIL Central Geology Lab
SMP-0339,INT-0339,SMP-0339,0.89,2.76,48.53,2025-05-04,MOIL Central Geology Lab
SMP-0340,INT-0340,SMP-0340,1.75,3.05,73.11,2025-05-04,MOIL Central Geology Lab
SMP-0341,INT-0341,SMP-0341,3.75,5.36,73.27,2025-05-04,MOIL Central Geology Lab
SMP-0342,INT-0342,SMP-0342,4.15,7.96,74.76,2025-05-04,MOIL Central Geology Lab
SMP-0343,INT-0343,SMP-0343,2.35,6.77,61.19,2025-05-04,MOIL Central Geology Lab
SMP-0344,INT-0344,SMP-0344,3.98,12.42,69.18,2025-05-04,MOIL Central Geology Lab
SMP-0345,INT-0345,SMP-0345,4.32,8.88,72.98,2025-02-04,MOIL Central Geology Lab
SMP-0346,INT-0346,SMP-0346,3.91,13.07,59.61,2025-02-04,MOIL Central Geology Lab
SMP-0347,INT-0347,SMP-0347,3.77,5.81,73.58,2025-02-04,MOIL Central Geology Lab
SMP-0348,INT-0348,SMP-0348,1.78,2.82,45.77,2025-02-04,MOIL Central Geology Lab
SMP-0349,INT-0349,SMP-0349,2.56,13.59,57.97,2025-02-04,MOIL Central Geology Lab
SMP-0350,INT-0350,SMP-0350,3.97,5.33,70.54,2025-02-04,MOIL Central Geology Lab
SMP-0351,INT-0351,SMP-0351,2.86,9.8,49.56,2025-02-04,MOIL Central Geology Lab
SMP-0352,INT-0352,SMP-0352,1.02,4.54,59.54,2025-02-04,MOIL Central Geology Lab
SMP-0353,INT-0353,SMP-0353,3.19,13.8,52.18,2025-02-04,MOIL Central Geology Lab
SMP-0354,INT-0354,SMP-0354,3.57,5.18,50.33,2025-02-04,MOIL Central Geology Lab
SMP-0355,INT-0355,SMP-0355,2.39,13.96,69.42,2025-02-04,MOIL Central Geology Lab
SMP-0356,INT-0356,SMP-0356,2.88,8.32,57.78,2025-02-04,MOIL Central Geology Lab
SMP-0357,INT-0357,SMP-0357,2.13,4.34,56.03,2025-02-04,MOIL Central Geology Lab
SMP-0358,INT-0358,SMP-0358,0.96,6.64,73.91,2025-02-04,MOIL Central Geology Lab
SMP-0359,INT-0359,SMP-0359,2.27,2.23,52.79,2025-02-04,MOIL Central Geology Lab
SMP-0360,INT-0360,SMP-0360,1.02,9.43,54.71,2025-02-04,MOIL Central Geology Lab
SMP-0361,INT-0361,SMP-0361,4.4,11.62,73.79,2025-02-04,MOIL Central Geology Lab
SMP-0362,INT-0362,SMP-0362,1.34,9.75,59.98,2025-02-04,MOIL Central Geology Lab
SMP-0363,INT-0363,SMP-0363,2.3,3.8,54.74,2025-02-04,MOIL Central Geology Lab
SMP-0364,INT-0364,SMP-0364,1.82,6.73,58.78,2025-02-04,MOIL Central Geology Lab
SMP-0365,INT-0365,SMP-0365,0.77,3.23,64.76,2025-02-04,MOIL Central Geology Lab
SMP-0366,INT-0366,SMP-0366,2.08,5.06,70.23,2025-02-04,MOIL Central Geology Lab
SMP-0367,INT-0367,SMP-0367,3.75,7.95,56.59,2025-02-04,MOIL Central Geology Lab
SMP-0368,INT-0368,SMP-0368,2.84,2.8,60.55,2025-02-04,MOIL Central Geology Lab
SMP-0369,INT-0369,SMP-0369,2.11,2.57,46.14,2025-02-04,MOIL Central Geology Lab
SMP-0370,INT-0370,SMP-0370,0.51,2.86,45.36,2025-02-04,MOIL Central Geology Lab
SMP-0371,INT-0371,SMP-0371,1.87,7.54,74.75,2025-02-04,MOIL Central Geology Lab
SMP-0372,INT-0372,SMP-0372,3.04,4.22,50.22,2025-02-04,MOIL Central Geology Lab
SMP-0373,INT-0373,SMP-0373,1.47,11.23,63.74,2025-01-07,MOIL Central Geology Lab
SMP-0374,INT-0374,SMP-0374,0.24,5.06,52.82,2025-01-07,MOIL Central Geology Lab
SMP-0375,INT-0375,SMP-0375,2.48,2.5,74.05,2025-01-07,MOIL Central Geology Lab
SMP-0376,INT-0376,SMP-0376,4.41,9.22,62.47,2025-01-07,MOIL Central Geology Lab
SMP-0377,INT-0377,SMP-0377,0.75,6.06,72.84,2025-01-07,MOIL Central Geology Lab
SMP-0378,INT-0378,SMP-0378,1.82,8.6,56.66,2025-01-07,MOIL Central Geology Lab
SMP-0379,INT-0379,SMP-0379,4.19,10.11,59.88,2025-01-07,MOIL Central Geology Lab
SMP-0380,INT-0380,SMP-0380,1.43,11.79,70.84,2025-01-07,MOIL Central Geology Lab
SMP-0381,INT-0381,SMP-0381,2.54,9.63,51.63,2025-01-07,MOIL Central Geology Lab
SMP-0382,INT-0382,SMP-0382,3.33,11.32,64.68,2025-01-07,MOIL Central Geology Lab
SMP-0383,INT-0383,SMP-0383,3.44,5.23,61.19,2025-01-07,MOIL Central Geology Lab
SMP-0384,INT-0384,SMP-0384,0.77,10.71,69.53,2025-01-07,MOIL Central Geology Lab
SMP-0385,INT-0385,SMP-0385,0.85,6.11,57.4,2025-01-07,MOIL Central Geology Lab
SMP-0386,INT-0386,SMP-0386,2.39,5.57,61.95,2025-01-07,MOIL Central Geology Lab
SMP-0387,INT-0387,SMP-0387,2.68,12.53,58.01,2025-01-07,MOIL Central Geology Lab
SMP-0388,INT-0388,SMP-0388,0.24,4.96,66.79,2025-01-07,MOIL Central Geology Lab
SMP-0389,INT-0389,SMP-0389,1.93,11.6,51.12,2025-01-07,MOIL Central Geology Lab
SMP-0390,INT-0390,SMP-0390,2.85,4.26,55.66,2025-01-07,MOIL Central Geology Lab
SMP-0391,INT-0391,SMP-0391,3.85,12.08,69.98,2025-01-07,MOIL Central Geology Lab
SMP-0392,INT-0392,SMP-0392,4.32,6.42,54.81,2025-01-07,MOIL Central Geology Lab
SMP-0393,INT-0393,SMP-0393,2.22,8.02,48.74,2025-01-07,MOIL Central Geology Lab
SMP-0394,INT-0394,SMP-0394,4.01,9.12,56.75,2025-01-07,MOIL Central Geology Lab
SMP-0395,INT-0395,SMP-0395,0.21,9.44,55.66,2025-01-07,MOIL Central Geology Lab
SMP-0396,INT-0396,SMP-0396,2.73,7.77,64.27,2025-01-07,MOIL Central Geology Lab
SMP-0397,INT-0397,SMP-0397,2.61,8.73,63.1,2025-01-07,MOIL Central Geology Lab
SMP-0398,INT-0398,SMP-0398,2.79,2.28,54.66,2025-01-07,MOIL Central Geology Lab
SMP-0399,INT-0399,SMP-0399,2.09,3.77,54.85,2025-06-29,MOIL Central Geology Lab
SMP-0400,INT-0400,SMP-0400,1.8,2.75,69.04,2025-06-29,MOIL Central Geology Lab
SMP-0401,INT-0401,SMP-0401,4.21,9.71,57.64,2025-06-29,MOIL Central Geology Lab
SMP-0402,INT-0402,SMP-0402,0.71,6.92,70.19,2025-06-29,MOIL Central Geology Lab
SMP-0403,INT-0403,SMP-0403,4.29,4.44,61.97,2025-06-29,MOIL Central Geology Lab
SMP-0404,INT-0404,SMP-0404,0.31,2.29,69.95,2025-06-29,MOIL Central Geology Lab
SMP-0405,INT-0405,SMP-0405,4.2,11.39,46.68,2025-06-29,MOIL Central Geology Lab
SMP-0406,INT-0406,SMP-0406,3.95,12.1,50.58,2025-06-29,MOIL Central Geology Lab
SMP-0407,INT-0407,SMP-0407,4.23,10.47,63.94,2025-06-29,MOIL Central Geology Lab
SMP-0408,INT-0408,SMP-0408,2.33,7.24,66.89,2025-06-29,MOIL Central Geology Lab
SMP-0409,INT-0409,SMP-0409,1.17,3.58,56.97,2025-06-29,MOIL Central Geology Lab
SMP-0410,INT-0410,SMP-0410,4.31,2.83,46.71,2025-06-29,MOIL Central Geology Lab
SMP-0411,INT-0411,SMP-0411,1.26,12.88,52.49,2025-06-29,MOIL Central Geology Lab
SMP-0412,INT-0412,SMP-0412,2.04,12.14,53.04,2025-06-29,MOIL Central Geology Lab
SMP-0413,INT-0413,SMP-0413,0.47,12.88,49.18,2025-06-29,MOIL Central Geology Lab
SMP-0414,INT-0414,SMP-0414,3.52,3.04,52.1,2025-06-29,MOIL Central Geology Lab
SMP-0415,INT-0415,SMP-0415,4.34,8.72,73.1,2025-06-29,MOIL Central Geology Lab
SMP-0416,INT-0416,SMP-0416,3.34,13.78,52.7,2025-06-29,MOIL Central Geology Lab
SMP-0417,INT-0417,SMP-0417,1.02,6.06,54.26,2025-06-29,MOIL Central Geology Lab
SMP-0418,INT-0418,SMP-0418,0.99,2.26,66.6,2025-06-29,MOIL Central Geology Lab
SMP-0419,INT-0419,SMP-0419,3.86,8.73,60.7,2025-06-29,MOIL Central Geology Lab
SMP-0420,INT-0420,SMP-0420,1.94,8.51,68.75,2025-06-29,MOIL Central Geology Lab
SMP-0421,INT-0421,SMP-0421,0.55,7.5,59.54,2025-06-29,MOIL Central Geology Lab
SMP-0422,INT-0422,SMP-0422,3.06,4.59,47.93,2025-06-29,MOIL Central Geology Lab
SMP-0423,INT-0423,SMP-0423,3.0,8.55,46.87,2025-06-29,MOIL Central Geology Lab
SMP-0424,INT-0424,SMP-0424,2.17,2.62,68.59,2025-06-29,MOIL Central Geology Lab
SMP-0425,INT-0425,SMP-0425,3.95,8.54,67.75,2025-06-29,MOIL Central Geology Lab
SMP-0426,INT-0426,SMP-0426,1.08,12.53,71.39,2025-06-29,MOIL Central Geology Lab
SMP-0427,INT-0427,SMP-0427,4.27,8.72,67.52,2025-06-29,MOIL Central Geology Lab
SMP-0428,INT-0428,SMP-0428,0.48,7.57,72.28,2025-06-29,MOIL Central Geology Lab
SMP-0429,INT-0429,SMP-0429,0.65,9.88,69.66,2025-06-29,MOIL Central Geology Lab
SMP-0430,INT-0430,SMP-0430,2.1,4.35,50.6,2025-06-29,MOIL Central Geology Lab
SMP-0431,INT-0431,SMP-0431,2.68,9.61,68.94,2025-06-29,MOIL Central Geology Lab
SMP-0432,INT-0432,SMP-0432,2.49,3.9,65.88,2025-06-29,MOIL Central Geology Lab
SMP-0433,INT-0433,SMP-0433,2.84,6.36,71.92,2025-06-29,MOIL Central Geology Lab
SMP-0434,INT-0434,SMP-0434,0.81,4.42,50.53,2025-06-29,MOIL Central Geology Lab
SMP-0435,INT-0435,SMP-0435,1.55,11.58,74.03,2025-06-29,MOIL Central Geology Lab
SMP-0436,INT-0436,SMP-0436,3.07,9.62,49.98,2025-06-30,MOIL Central Geology Lab
SMP-0437,INT-0437,SMP-0437,3.02,3.56,65.61,2025-06-30,MOIL Central Geology Lab
SMP-0438,INT-0438,SMP-0438,3.74,4.52,56.37,2025-06-30,MOIL Central Geology Lab
SMP-0439,INT-0439,SMP-0439,1.47,13.02,48.32,2025-06-30,MOIL Central Geology Lab
SMP-0440,INT-0440,SMP-0440,2.23,11.86,58.78,2025-06-30,MOIL Central Geology Lab
SMP-0441,INT-0441,SMP-0441,3.72,12.56,60.76,2025-06-30,MOIL Central Geology Lab
SMP-0442,INT-0442,SMP-0442,0.63,4.88,49.26,2025-06-30,MOIL Central Geology Lab
SMP-0443,INT-0443,SMP-0443,1.02,9.37,58.07,2025-06-30,MOIL Central Geology Lab
SMP-0444,INT-0444,SMP-0444,3.82,7.66,74.37,2025-06-30,MOIL Central Geology Lab
SMP-0445,INT-0445,SMP-0445,3.11,5.9,65.59,2025-06-30,MOIL Central Geology Lab
SMP-0446,INT-0446,SMP-0446,0.92,9.86,74.75,2025-06-30,MOIL Central Geology Lab
SMP-0447,INT-0447,SMP-0447,1.66,12.4,51.47,2025-06-30,MOIL Central Geology Lab
SMP-0448,INT-0448,SMP-0448,0.34,5.65,64.59,2025-06-30,MOIL Central Geology Lab
SMP-0449,INT-0449,SMP-0449,3.49,11.46,64.95,2025-06-30,MOIL Central Geology Lab
SMP-0450,INT-0450,SMP-0450,3.96,2.0,50.07,2025-06-30,MOIL Central Geology Lab
SMP-0451,INT-0451,SMP-0451,2.18,12.37,61.4,2025-06-30,MOIL Central Geology Lab
SMP-0452,INT-0452,SMP-0452,3.65,7.75,45.54,2025-06-30,MOIL Central Geology Lab
SMP-0453,INT-0453,SMP-0453,4.15,5.36,70.75,2025-06-30,MOIL Central Geology Lab
SMP-0454,INT-0454,SMP-0454,3.75,10.39,70.18,2025-06-30,MOIL Central Geology Lab
SMP-0455,INT-0455,SMP-0455,3.32,5.66,69.88,2025-06-30,MOIL Central Geology Lab
SMP-0456,INT-0456,SMP-0456,2.13,4.62,48.61,2025-06-30,MOIL Central Geology Lab
SMP-0457,INT-0457,SMP-0457,1.24,2.15,59.06,2025-06-30,MOIL Central Geology Lab
SMP-0458,INT-0458,SMP-0458,0.52,4.72,66.91,2025-06-30,MOIL Central Geology Lab
SMP-0459,INT-0459,SMP-0459,4.08,12.23,65.03,2025-06-30,MOIL Central Geology Lab
SMP-0460,INT-0460,SMP-0460,4.45,9.51,60.94,2025-06-30,MOIL Central Geology Lab
SMP-0461,INT-0461,SMP-0461,2.05,5.21,68.67,2025-06-30,MOIL Central Geology Lab
SMP-0462,INT-0462,SMP-0462,4.11,10.03,69.88,2025-04-01,MOIL Central Geology Lab
SMP-0463,INT-0463,SMP-0463,0.31,10.33,47.47,2025-04-01,MOIL Central Geology Lab
SMP-0464,INT-0464,SMP-0464,3.53,9.22,71.78,2025-04-01,MOIL Central Geology Lab
SMP-0465,INT-0465,SMP-0465,2.91,9.1,66.08,2025-04-01,MOIL Central Geology Lab
SMP-0466,INT-0466,SMP-0466,0.77,4.81,68.6,2025-04-01,MOIL Central Geology Lab
SMP-0467,INT-0467,SMP-0467,1.37,7.67,74.52,2025-04-01,MOIL Central Geology Lab
SMP-0468,INT-0468,SMP-0468,46.28,4.02,6.4,2025-04-01,MOIL Central Geology Lab
SMP-0469,INT-0469,SMP-0469,32.9,6.58,10.5,2025-04-01,MOIL Central Geology Lab
SMP-0470,INT-0470,SMP-0470,37.63,6.46,10.74,2025-04-01,MOIL Central Geology Lab
SMP-0471,INT-0471,SMP-0471,45.51,4.27,14.33,2025-04-01,MOIL Central Geology Lab
SMP-0472,INT-0472,SMP-0472,3.65,8.86,60.38,2025-04-01,MOIL Central Geology Lab
SMP-0473,INT-0473,SMP-0473,36.14,4.48,12.17,2025-04-01,MOIL Central Geology Lab
SMP-0474,INT-0474,SMP-0474,38.4,8.81,10.94,2025-04-01,MOIL Central Geology Lab
SMP-0475,INT-0475,SMP-0475,30.7,5.51,9.95,2025-04-01,MOIL Central Geology Lab
SMP-0476,INT-0476,SMP-0476,46.61,7.93,12.08,2025-04-01,MOIL Central Geology Lab
SMP-0477,INT-0477,SMP-0477,47.58,8.52,6.02,2025-04-01,MOIL Central Geology Lab
SMP-0478,INT-0478,SMP-0478,3.77,2.49,71.15,2025-04-01,MOIL Central Geology Lab
SMP-0479,INT-0479,SMP-0479,44.41,7.64,6.92,2025-04-01,MOIL Central Geology Lab
SMP-0480,INT-0480,SMP-0480,46.46,6.22,9.21,2025-04-01,MOIL Central Geology Lab
SMP-0481,INT-0481,SMP-0481,41.24,7.56,14.88,2025-04-01,MOIL Central Geology Lab
SMP-0482,INT-0482,SMP-0482,30.85,4.64,7.54,2025-04-01,MOIL Central Geology Lab
SMP-0483,INT-0483,SMP-0483,0.25,7.06,53.85,2025-06-02,MOIL Central Geology Lab
SMP-0484,INT-0484,SMP-0484,1.92,12.92,69.24,2025-06-02,MOIL Central Geology Lab
SMP-0485,INT-0485,SMP-0485,3.34,9.83,70.37,2025-06-02,MOIL Central Geology Lab
SMP-0486,INT-0486,SMP-0486,1.94,2.93,61.28,2025-06-02,MOIL Central Geology Lab
SMP-0487,INT-0487,SMP-0487,2.12,11.58,69.67,2025-06-02,MOIL Central Geology Lab
SMP-0488,INT-0488,SMP-0488,3.47,3.19,71.69,2025-06-02,MOIL Central Geology Lab
SMP-0489,INT-0489,SMP-0489,2.78,10.47,65.65,2025-06-02,MOIL Central Geology Lab
SMP-0490,INT-0490,SMP-0490,2.98,2.54,67.86,2025-06-02,MOIL Central Geology Lab
SMP-0491,INT-0491,SMP-0491,0.31,9.75,64.11,2025-06-02,MOIL Central Geology Lab
SMP-0492,INT-0492,SMP-0492,3.6,9.15,48.04,2025-06-02,MOIL Central Geology Lab
SMP-0493,INT-0493,SMP-0493,3.82,8.96,61.79,2025-06-02,MOIL Central Geology Lab
SMP-0494,INT-0494,SMP-0494,0.8,7.83,45.83,2025-06-02,MOIL Central Geology Lab
SMP-0495,INT-0495,SMP-0495,0.78,3.19,51.27,2025-06-02,MOIL Central Geology Lab
SMP-0496,INT-0496,SMP-0496,0.89,2.28,67.69,2025-06-02,MOIL Central Geology Lab
SMP-0497,INT-0497,SMP-0497,0.76,12.03,56.11,2025-06-02,MOIL Central Geology Lab
SMP-0498,INT-0498,SMP-0498,4.02,9.24,69.8,2025-06-02,MOIL Central Geology Lab
SMP-0499,INT-0499,SMP-0499,2.81,3.82,45.93,2025-06-02,MOIL Central Geology Lab
SMP-0500,INT-0500,SMP-0500,2.53,3.85,61.61,2025-06-02,MOIL Central Geology Lab
SMP-0501,INT-0501,SMP-0501,1.26,12.06,55.69,2025-06-02,MOIL Central Geology Lab
SMP-0502,INT-0502,SMP-0502,1.04,2.69,55.27,2025-06-02,MOIL Central Geology Lab
SMP-0503,INT-0503,SMP-0503,2.6,6.17,62.41,2025-06-02,MOIL Central Geology Lab
SMP-0504,INT-0504,SMP-0504,0.85,11.8,51.22,2025-06-02,MOIL Central Geology Lab
SMP-0505,INT-0505,SMP-0505,3.99,9.48,62.08,2025-06-02,MOIL Central Geology Lab
SMP-0506,INT-0506,SMP-0506,3.34,3.78,70.58,2025-06-02,MOIL Central Geology Lab
SMP-0507,INT-0507,SMP-0507,1.18,13.57,72.28,2025-06-02,MOIL Central Geology Lab
SMP-0508,INT-0508,SMP-0508,2.17,2.46,67.38,2025-06-02,MOIL Central Geology Lab
SMP-0509,INT-0509,SMP-0509,3.62,5.31,71.31,2025-06-02,MOIL Central Geology Lab
SMP-0510,INT-0510,SMP-0510,4.28,8.15,47.81,2025-06-02,MOIL Central Geology Lab
SMP-0511,INT-0511,SMP-0511,1.86,8.14,59.77,2025-04-08,MOIL Central Geology Lab
SMP-0512,INT-0512,SMP-0512,4.05,7.47,58.3,2025-04-08,MOIL Central Geology Lab
SMP-0513,INT-0513,SMP-0513,2.67,13.47,51.01,2025-04-08,MOIL Central Geology Lab
SMP-0514,INT-0514,SMP-0514,2.09,12.16,71.79,2025-04-08,MOIL Central Geology Lab
SMP-0515,INT-0515,SMP-0515,1.3,2.37,74.15,2025-04-08,MOIL Central Geology Lab
SMP-0516,INT-0516,SMP-0516,0.28,7.72,65.63,2025-04-08,MOIL Central Geology Lab
SMP-0517,INT-0517,SMP-0517,2.47,9.59,64.33,2025-04-08,MOIL Central Geology Lab
SMP-0518,INT-0518,SMP-0518,43.03,6.91,13.93,2025-04-08,MOIL Central Geology Lab
SMP-0519,INT-0519,SMP-0519,3.76,5.54,45.43,2025-04-08,MOIL Central Geology Lab
SMP-0520,INT-0520,SMP-0520,43.18,4.79,13.53,2025-04-08,MOIL Central Geology Lab
SMP-0521,INT-0521,SMP-0521,43.71,8.65,12.14,2025-04-08,MOIL Central Geology Lab
SMP-0522,INT-0522,SMP-0522,29.59,6.24,10.07,2025-04-08,MOIL Central Geology Lab
SMP-0523,INT-0523,SMP-0523,30.28,8.45,15.48,2025-04-08,MOIL Central Geology Lab
SMP-0524,INT-0524,SMP-0524,38.71,5.65,6.77,2025-04-08,MOIL Central Geology Lab
SMP-0525,INT-0525,SMP-0525,42.5,4.28,6.73,2025-04-08,MOIL Central Geology Lab
SMP-0526,INT-0526,SMP-0526,1.41,11.64,72.88,2025-04-08,MOIL Central Geology Lab
SMP-0527,INT-0527,SMP-0527,34.59,6.62,8.26,2025-04-08,MOIL Central Geology Lab
SMP-0528,INT-0528,SMP-0528,40.37,5.97,12.48,2025-04-08,MOIL Central Geology Lab
SMP-0529,INT-0529,SMP-0529,38.31,6.47,11.86,2025-04-08,MOIL Central Geology Lab
SMP-0530,INT-0530,SMP-0530,1.24,10.57,69.68,2025-04-08,MOIL Central Geology Lab
SMP-0531,INT-0531,SMP-0531,38.66,4.79,13.75,2025-04-08,MOIL Central Geology Lab
SMP-0532,INT-0532,SMP-0532,33.83,4.74,12.3,2025-04-08,MOIL Central Geology Lab
SMP-0533,INT-0533,SMP-0533,34.51,4.0,11.11,2025-04-08,MOIL Central Geology Lab
SMP-0534,INT-0534,SMP-0534,4.05,9.0,59.01,2025-04-08,MOIL Central Geology Lab
SMP-0535,INT-0535,SMP-0535,29.7,9.12,14.27,2025-04-08,MOIL Central Geology Lab
SMP-0536,INT-0536,SMP-0536,45.76,7.14,15.07,2025-04-08,MOIL Central Geology Lab
SMP-0537,INT-0537,SMP-0537,35.73,9.15,12.75,2025-04-08,MOIL Central Geology Lab
SMP-0538,INT-0538,SMP-0538,2.32,6.65,63.98,2025-04-08,MOIL Central Geology Lab
SMP-0539,INT-0539,SMP-0539,0.8,5.05,71.27,2025-04-08,MOIL Central Geology Lab
SMP-0540,INT-0540,SMP-0540,4.29,10.43,53.94,2025-04-08,MOIL Central Geology Lab
SMP-0541,INT-0541,SMP-0541,2.93,13.99,48.14,2025-04-08,MOIL Central Geology Lab
SMP-0542,INT-0542,SMP-0542,2.35,7.19,58.73,2025-04-08,MOIL Central Geology Lab
SMP-0543,INT-0543,SMP-0543,3.51,2.03,70.77,2025-04-08,MOIL Central Geology Lab
SMP-0544,INT-0544,SMP-0544,3.74,12.2,51.36,2025-04-08,MOIL Central Geology Lab
SMP-0545,INT-0545,SMP-0545,1.9,13.17,48.77,2025-05-06,MOIL Central Geology Lab
SMP-0546,INT-0546,SMP-0546,2.97,6.74,66.4,2025-05-06,MOIL Central Geology Lab
SMP-0547,INT-0547,SMP-0547,1.44,6.41,46.74,2025-05-06,MOIL Central Geology Lab
SMP-0548,INT-0548,SMP-0548,2.54,3.2,65.64,2025-05-06,MOIL Central Geology Lab
SMP-0549,INT-0549,SMP-0549,1.65,2.23,48.73,2025-05-06,MOIL Central Geology Lab
SMP-0550,INT-0550,SMP-0550,3.37,5.96,72.18,2025-05-06,MOIL Central Geology Lab
SMP-0551,INT-0551,SMP-0551,2.2,13.56,60.57,2025-05-06,MOIL Central Geology Lab
SMP-0552,INT-0552,SMP-0552,3.53,11.28,60.64,2025-05-06,MOIL Central Geology Lab
SMP-0553,INT-0553,SMP-0553,0.53,6.59,56.03,2025-05-06,MOIL Central Geology Lab
SMP-0554,INT-0554,SMP-0554,34.81,5.88,13.39,2025-05-06,MOIL Central Geology Lab
SMP-0555,INT-0555,SMP-0555,39.7,7.12,12.63,2025-05-06,MOIL Central Geology Lab
SMP-0556,INT-0556,SMP-0556,41.85,7.01,14.3,2025-05-06,MOIL Central Geology Lab
SMP-0557,INT-0557,SMP-0557,1.91,5.63,46.97,2025-05-06,MOIL Central Geology Lab
SMP-0558,INT-0558,SMP-0558,3.41,7.69,46.74,2025-05-06,MOIL Central Geology Lab
SMP-0559,INT-0559,SMP-0559,44.1,9.45,11.44,2025-05-06,MOIL Central Geology Lab
SMP-0560,INT-0560,SMP-0560,1.08,10.71,63.59,2025-05-06,MOIL Central Geology Lab
SMP-0561,INT-0561,SMP-0561,34.46,5.52,15.82,2025-05-06,MOIL Central Geology Lab
SMP-0562,INT-0562,SMP-0562,31.36,7.54,14.1,2025-05-06,MOIL Central Geology Lab
SMP-0563,INT-0563,SMP-0563,42.86,6.96,6.61,2025-05-06,MOIL Central Geology Lab
SMP-0564,INT-0564,SMP-0564,47.08,6.74,8.3,2025-05-06,MOIL Central Geology Lab
SMP-0565,INT-0565,SMP-0565,34.19,8.19,9.54,2025-05-06,MOIL Central Geology Lab
SMP-0566,INT-0566,SMP-0566,40.73,9.11,13.61,2025-05-06,MOIL Central Geology Lab
SMP-0567,INT-0567,SMP-0567,0.41,12.12,74.44,2025-06-08,MOIL Central Geology Lab
SMP-0568,INT-0568,SMP-0568,1.88,9.91,48.27,2025-06-08,MOIL Central Geology Lab
SMP-0569,INT-0569,SMP-0569,4.42,8.83,52.79,2025-06-08,MOIL Central Geology Lab
SMP-0570,INT-0570,SMP-0570,0.96,4.57,45.39,2025-06-08,MOIL Central Geology Lab
SMP-0571,INT-0571,SMP-0571,3.35,6.26,65.95,2025-06-08,MOIL Central Geology Lab
SMP-0572,INT-0572,SMP-0572,4.36,6.71,70.63,2025-06-08,MOIL Central Geology Lab
SMP-0573,INT-0573,SMP-0573,1.2,7.5,68.44,2025-06-08,MOIL Central Geology Lab
SMP-0574,INT-0574,SMP-0574,45.53,7.32,14.35,2025-06-08,MOIL Central Geology Lab
SMP-0575,INT-0575,SMP-0575,39.32,8.43,6.46,2025-06-08,MOIL Central Geology Lab
SMP-0576,INT-0576,SMP-0576,3.33,3.14,57.86,2025-06-08,MOIL Central Geology Lab
SMP-0577,INT-0577,SMP-0577,41.58,4.65,8.89,2025-06-08,MOIL Central Geology Lab
SMP-0578,INT-0578,SMP-0578,48.36,4.25,13.61,2025-06-08,MOIL Central Geology Lab
SMP-0579,INT-0579,SMP-0579,43.46,9.05,15.51,2025-06-08,MOIL Central Geology Lab
SMP-0580,INT-0580,SMP-0580,44.14,5.38,11.64,2025-06-08,MOIL Central Geology Lab
SMP-0581,INT-0581,SMP-0581,32.93,5.05,15.18,2025-06-08,MOIL Central Geology Lab
SMP-0582,INT-0582,SMP-0582,32.53,4.21,6.36,2025-06-08,MOIL Central Geology Lab
SMP-0583,INT-0583,SMP-0583,33.79,9.23,11.82,2025-06-08,MOIL Central Geology Lab
SMP-0584,INT-0584,SMP-0584,38.59,8.17,8.82,2025-06-08,MOIL Central Geology Lab
SMP-0585,INT-0585,SMP-0585,47.4,8.91,10.19,2025-06-08,MOIL Central Geology Lab
SMP-0586,INT-0586,SMP-0586,38.2,5.13,11.91,2025-06-08,MOIL Central Geology Lab
SMP-0587,INT-0587,SMP-0587,45.53,5.14,6.71,2025-06-08,MOIL Central Geology Lab
SMP-0588,INT-0588,SMP-0588,38.39,6.25,14.11,2025-06-08,MOIL Central Geology Lab
SMP-0589,INT-0589,SMP-0589,42.22,8.24,12.55,2025-06-08,MOIL Central Geology Lab
SMP-0590,INT-0590,SMP-0590,39.05,5.55,10.25,2025-06-08,MOIL Central Geology Lab
SMP-0591,INT-0591,SMP-0591,2.49,9.09,46.84,2025-06-08,MOIL Central Geology Lab
SMP-0592,INT-0592,SMP-0592,32.11,5.12,6.1,2025-06-08,MOIL Central Geology Lab
SMP-0593,INT-0593,SMP-0593,29.06,5.05,9.1,2025-06-08,MOIL Central Geology Lab
SMP-0594,INT-0594,SMP-0594,1.99,11.11,63.29,2025-06-08,MOIL Central Geology Lab
SMP-0595,INT-0595,SMP-0595,3.26,11.8,50.45,2025-06-08,MOIL Central Geology Lab
SMP-0596,INT-0596,SMP-0596,4.5,6.87,51.61,2025-06-08,MOIL Central Geology Lab
SMP-0597,INT-0597,SMP-0597,2.74,9.93,47.35,2025-06-08,MOIL Central Geology Lab
SMP-0598,INT-0598,SMP-0598,0.29,5.23,60.53,2025-06-08,MOIL Central Geology Lab
SMP-0599,INT-0599,SMP-0599,2.27,6.34,73.48,2025-06-08,MOIL Central Geology Lab
SMP-0600,INT-0600,SMP-0600,3.46,3.23,60.42,2025-06-08,MOIL Central Geology Lab
SMP-0601,INT-0601,SMP-0601,3.66,3.46,48.75,2025-05-09,MOIL Central Geology Lab
SMP-0602,INT-0602,SMP-0602,1.38,11.68,50.86,2025-05-09,MOIL Central Geology Lab
SMP-0603,INT-0603,SMP-0603,3.06,3.89,48.57,2025-05-09,MOIL Central Geology Lab
SMP-0604,INT-0604,SMP-0604,2.07,8.59,54.36,2025-05-09,MOIL Central Geology Lab
SMP-0605,INT-0605,SMP-0605,0.27,11.39,48.73,2025-05-09,MOIL Central Geology Lab
SMP-0606,INT-0606,SMP-0606,4.37,7.25,52.05,2025-05-09,MOIL Central Geology Lab
SMP-0607,INT-0607,SMP-0607,39.2,9.32,6.52,2025-05-09,MOIL Central Geology Lab
SMP-0608,INT-0608,SMP-0608,45.68,4.99,14.0,2025-05-09,MOIL Central Geology Lab
SMP-0609,INT-0609,SMP-0609,30.7,8.76,7.57,2025-05-09,MOIL Central Geology Lab
SMP-0610,INT-0610,SMP-0610,3.09,11.56,52.51,2025-05-09,MOIL Central Geology Lab
SMP-0611,INT-0611,SMP-0611,45.07,8.98,6.12,2025-05-09,MOIL Central Geology Lab
SMP-0612,INT-0612,SMP-0612,0.29,6.69,50.74,2025-05-09,MOIL Central Geology Lab
SMP-0613,INT-0613,SMP-0613,36.83,8.83,12.06,2025-05-09,MOIL Central Geology Lab
SMP-0614,INT-0614,SMP-0614,29.72,5.83,12.78,2025-05-09,MOIL Central Geology Lab
SMP-0615,INT-0615,SMP-0615,4.26,9.7,65.14,2025-05-09,MOIL Central Geology Lab
SMP-0616,INT-0616,SMP-0616,3.58,9.21,74.71,2025-05-09,MOIL Central Geology Lab
SMP-0617,INT-0617,SMP-0617,46.75,4.06,10.5,2025-05-09,MOIL Central Geology Lab
SMP-0618,INT-0618,SMP-0618,0.69,6.84,67.14,2025-05-09,MOIL Central Geology Lab
SMP-0619,INT-0619,SMP-0619,35.1,6.19,8.64,2025-05-09,MOIL Central Geology Lab
SMP-0620,INT-0620,SMP-0620,33.5,5.58,12.57,2025-05-09,MOIL Central Geology Lab
SMP-0621,INT-0621,SMP-0621,29.58,4.42,15.51,2025-05-09,MOIL Central Geology Lab
SMP-0622,INT-0622,SMP-0622,2.88,9.78,53.02,2025-05-09,MOIL Central Geology Lab
SMP-0623,INT-0623,SMP-0623,33.14,7.72,13.07,2025-05-09,MOIL Central Geology Lab
SMP-0624,INT-0624,SMP-0624,33.56,7.29,14.66,2025-05-09,MOIL Central Geology Lab
SMP-0625,INT-0625,SMP-0625,2.13,9.35,51.39,2025-05-09,MOIL Central Geology Lab
SMP-0626,INT-0626,SMP-0626,1.07,9.05,66.03,2025-05-09,MOIL Central Geology Lab
SMP-0627,INT-0627,SMP-0627,0.27,9.0,52.59,2025-05-09,MOIL Central Geology Lab
SMP-0628,INT-0628,SMP-0628,1.15,10.71,63.52,2025-05-09,MOIL Central Geology Lab
SMP-0629,INT-0629,SMP-0629,4.4,3.22,45.25,2025-05-09,MOIL Central Geology Lab
SMP-0630,INT-0630,SMP-0630,4.03,3.01,69.22,2025-05-09,MOIL Central Geology Lab
SMP-0631,INT-0631,SMP-0631,2.4,7.26,74.89,2025-05-09,MOIL Central Geology Lab
SMP-0632,INT-0632,SMP-0632,2.94,4.9,66.42,2025-05-09,MOIL Central Geology Lab
SMP-0633,INT-0633,SMP-0633,3.72,2.6,72.35,2025-05-09,MOIL Central Geology Lab
SMP-0634,INT-0634,SMP-0634,1.12,5.25,52.43,2025-05-09,MOIL Central Geology Lab
SMP-0635,INT-0635,SMP-0635,2.03,4.58,62.91,2025-05-09,MOIL Central Geology Lab
SMP-0636,INT-0636,SMP-0636,4.29,12.06,69.15,2025-05-09,MOIL Central Geology Lab
SMP-0637,INT-0637,SMP-0637,1.42,11.44,56.92,2025-05-09,MOIL Central Geology Lab
SMP-0638,INT-0638,SMP-0638,3.37,8.26,47.05,2025-05-09,MOIL Central Geology Lab
SMP-0639,INT-0639,SMP-0639,3.9,2.42,68.62,2025-02-21,MOIL Central Geology Lab
SMP-0640,INT-0640,SMP-0640,1.27,10.47,57.83,2025-02-21,MOIL Central Geology Lab
SMP-0641,INT-0641,SMP-0641,4.23,2.77,69.74,2025-02-21,MOIL Central Geology Lab
SMP-0642,INT-0642,SMP-0642,2.78,4.41,62.71,2025-02-21,MOIL Central Geology Lab
SMP-0643,INT-0643,SMP-0643,2.31,13.13,48.16,2025-02-21,MOIL Central Geology Lab
SMP-0644,INT-0644,SMP-0644,0.25,6.91,72.72,2025-02-21,MOIL Central Geology Lab
SMP-0645,INT-0645,SMP-0645,0.5,4.23,64.93,2025-02-21,MOIL Central Geology Lab
SMP-0646,INT-0646,SMP-0646,3.75,7.35,69.18,2025-02-21,MOIL Central Geology Lab
SMP-0647,INT-0647,SMP-0647,2.41,8.43,55.71,2025-02-21,MOIL Central Geology Lab
SMP-0648,INT-0648,SMP-0648,3.76,4.59,69.28,2025-02-21,MOIL Central Geology Lab
SMP-0649,INT-0649,SMP-0649,1.72,8.07,73.23,2025-02-21,MOIL Central Geology Lab
SMP-0650,INT-0650,SMP-0650,4.09,2.93,69.87,2025-02-21,MOIL Central Geology Lab
SMP-0651,INT-0651,SMP-0651,3.89,10.12,70.14,2025-02-21,MOIL Central Geology Lab
SMP-0652,INT-0652,SMP-0652,1.98,2.16,53.88,2025-02-21,MOIL Central Geology Lab
SMP-0653,INT-0653,SMP-0653,0.97,10.33,51.89,2025-02-21,MOIL Central Geology Lab
SMP-0654,INT-0654,SMP-0654,3.38,12.36,60.96,2025-02-21,MOIL Central Geology Lab
SMP-0655,INT-0655,SMP-0655,0.89,3.0,45.57,2025-02-21,MOIL Central Geology Lab
SMP-0656,INT-0656,SMP-0656,3.99,3.46,64.04,2025-02-21,MOIL Central Geology Lab
SMP-0657,INT-0657,SMP-0657,2.43,9.29,52.36,2025-02-21,MOIL Central Geology Lab
SMP-0658,INT-0658,SMP-0658,1.35,6.03,67.48,2025-02-21,MOIL Central Geology Lab
SMP-0659,INT-0659,SMP-0659,2.59,6.99,57.87,2025-02-21,MOIL Central Geology Lab
SMP-0660,INT-0660,SMP-0660,1.97,11.04,51.11,2025-02-21,MOIL Central Geology Lab
SMP-0661,INT-0661,SMP-0661,3.94,9.58,60.98,2025-02-21,MOIL Central Geology Lab
SMP-0662,INT-0662,SMP-0662,2.33,13.2,58.17,2025-02-21,MOIL Central Geology Lab
SMP-0663,INT-0663,SMP-0663,1.09,6.7,71.87,2025-02-21,MOIL Central Geology Lab
SMP-0664,INT-0664,SMP-0664,4.29,11.32,63.34,2025-02-21,MOIL Central Geology Lab
SMP-0665,INT-0665,SMP-0665,2.24,8.73,63.85,2025-02-21,MOIL Central Geology Lab
SMP-0666,INT-0666,SMP-0666,3.34,10.37,67.58,2025-02-21,MOIL Central Geology Lab
SMP-0667,INT-0667,SMP-0667,3.83,7.82,55.01,2025-02-21,MOIL Central Geology Lab
SMP-0668,INT-0668,SMP-0668,2.4,11.85,57.14,2025-02-21,MOIL Central Geology Lab
SMP-0669,INT-0669,SMP-0669,0.53,6.65,69.11,2025-02-21,MOIL Central Geology Lab
SMP-0670,INT-0670,SMP-0670,0.49,12.53,56.68,2025-02-21,MOIL Central Geology Lab
SMP-0671,INT-0671,SMP-0671,4.45,4.78,73.28,2025-01-17,MOIL Central Geology Lab
SMP-0672,INT-0672,SMP-0672,1.15,6.21,56.18,2025-01-17,MOIL Central Geology Lab
SMP-0673,INT-0673,SMP-0673,1.81,6.43,46.36,2025-01-17,MOIL Central Geology Lab
SMP-0674,INT-0674,SMP-0674,1.83,11.98,70.27,2025-01-17,MOIL Central Geology Lab
SMP-0675,INT-0675,SMP-0675,3.66,11.27,61.45,2025-01-17,MOIL Central Geology Lab
SMP-0676,INT-0676,SMP-0676,2.71,11.38,67.55,2025-01-17,MOIL Central Geology Lab
SMP-0677,INT-0677,SMP-0677,3.46,2.18,51.22,2025-01-17,MOIL Central Geology Lab
SMP-0678,INT-0678,SMP-0678,0.93,4.34,71.71,2025-01-17,MOIL Central Geology Lab
SMP-0679,INT-0679,SMP-0679,1.31,9.26,57.99,2025-01-17,MOIL Central Geology Lab
SMP-0680,INT-0680,SMP-0680,2.69,9.59,49.69,2025-01-17,MOIL Central Geology Lab
SMP-0681,INT-0681,SMP-0681,3.26,6.63,62.66,2025-01-17,MOIL Central Geology Lab
SMP-0682,INT-0682,SMP-0682,1.12,7.1,72.24,2025-01-17,MOIL Central Geology Lab
SMP-0683,INT-0683,SMP-0683,2.6,9.02,49.01,2025-01-17,MOIL Central Geology Lab
SMP-0684,INT-0684,SMP-0684,3.04,11.55,53.16,2025-01-17,MOIL Central Geology Lab
SMP-0685,INT-0685,SMP-0685,2.94,10.98,51.75,2025-01-17,MOIL Central Geology Lab
SMP-0686,INT-0686,SMP-0686,3.19,4.62,62.86,2025-01-17,MOIL Central Geology Lab
SMP-0687,INT-0687,SMP-0687,3.54,11.86,58.85,2025-01-17,MOIL Central Geology Lab
SMP-0688,INT-0688,SMP-0688,3.21,6.42,57.97,2025-01-17,MOIL Central Geology Lab
SMP-0689,INT-0689,SMP-0689,1.34,6.98,71.65,2025-01-17,MOIL Central Geology Lab
SMP-0690,INT-0690,SMP-0690,3.07,5.88,71.94,2025-01-17,MOIL Central Geology Lab
SMP-0691,INT-0691,SMP-0691,4.07,13.95,69.76,2025-01-17,MOIL Central Geology Lab
SMP-0692,INT-0692,SMP-0692,3.69,10.48,74.02,2025-01-17,MOIL Central Geology Lab
SMP-0693,INT-0693,SMP-0693,4.21,11.62,65.23,2025-01-17,MOIL Central Geology Lab
SMP-0694,INT-0694,SMP-0694,1.24,2.48,57.34,2025-01-17,MOIL Central Geology Lab
SMP-0695,INT-0695,SMP-0695,1.75,11.4,61.99,2025-01-17,MOIL Central Geology Lab
SMP-0696,INT-0696,SMP-0696,1.2,2.17,67.93,2025-01-17,MOIL Central Geology Lab
SMP-0697,INT-0697,SMP-0697,3.8,9.43,61.9,2025-01-17,MOIL Central Geology Lab
SMP-0698,INT-0698,SMP-0698,1.93,6.69,47.08,2025-01-17,MOIL Central Geology Lab
SMP-0699,INT-0699,SMP-0699,2.1,10.49,56.68,2025-01-17,MOIL Central Geology Lab
SMP-0700,INT-0700,SMP-0700,3.93,6.55,56.14,2025-01-17,MOIL Central Geology Lab
SMP-0701,INT-0701,SMP-0701,1.11,13.95,74.43,2025-01-17,MOIL Central Geology Lab
SMP-0702,INT-0702,SMP-0702,2.18,13.28,60.12,2025-01-17,MOIL Central Geology Lab
SMP-0703,INT-0703,SMP-0703,3.1,10.13,56.19,2025-01-17,MOIL Central Geology Lab
SMP-0704,INT-0704,SMP-0704,2.92,2.65,64.33,2025-01-17,MOIL Central Geology Lab
SMP-0705,INT-0705,SMP-0705,2.16,10.01,70.12,2025-05-29,MOIL Central Geology Lab
SMP-0706,INT-0706,SMP-0706,3.55,9.32,65.99,2025-05-29,MOIL Central Geology Lab
SMP-0707,INT-0707,SMP-0707,3.15,12.92,64.17,2025-05-29,MOIL Central Geology Lab
SMP-0708,INT-0708,SMP-0708,0.86,8.87,53.31,2025-05-29,MOIL Central Geology Lab
SMP-0709,INT-0709,SMP-0709,3.38,3.14,62.82,2025-05-29,MOIL Central Geology Lab
SMP-0710,INT-0710,SMP-0710,2.02,3.01,63.21,2025-05-29,MOIL Central Geology Lab
SMP-0711,INT-0711,SMP-0711,3.03,4.53,70.89,2025-05-29,MOIL Central Geology Lab
SMP-0712,INT-0712,SMP-0712,3.37,5.44,69.08,2025-05-29,MOIL Central Geology Lab
SMP-0713,INT-0713,SMP-0713,4.06,9.47,74.2,2025-05-29,MOIL Central Geology Lab
SMP-0714,INT-0714,SMP-0714,3.54,3.54,55.43,2025-05-29,MOIL Central Geology Lab
SMP-0715,INT-0715,SMP-0715,3.08,12.7,54.18,2025-05-29,MOIL Central Geology Lab
SMP-0716,INT-0716,SMP-0716,0.51,4.53,51.88,2025-05-29,MOIL Central Geology Lab
SMP-0717,INT-0717,SMP-0717,4.25,2.9,58.15,2025-05-29,MOIL Central Geology Lab
SMP-0718,INT-0718,SMP-0718,3.46,13.61,58.19,2025-05-29,MOIL Central Geology Lab
SMP-0719,INT-0719,SMP-0719,1.6,5.59,51.98,2025-05-29,MOIL Central Geology Lab
SMP-0720,INT-0720,SMP-0720,1.77,6.24,54.07,2025-05-29,MOIL Central Geology Lab
SMP-0721,INT-0721,SMP-0721,3.68,3.76,55.28,2025-05-29,MOIL Central Geology Lab
SMP-0722,INT-0722,SMP-0722,1.37,3.18,69.88,2025-05-29,MOIL Central Geology Lab
SMP-0723,INT-0723,SMP-0723,3.66,3.65,62.42,2025-05-29,MOIL Central Geology Lab
SMP-0724,INT-0724,SMP-0724,1.54,2.04,50.23,2025-05-29,MOIL Central Geology Lab
SMP-0725,INT-0725,SMP-0725,2.18,5.68,69.67,2025-05-29,MOIL Central Geology Lab
SMP-0726,INT-0726,SMP-0726,2.17,10.7,62.23,2025-05-29,MOIL Central Geology Lab
SMP-0727,INT-0727,SMP-0727,3.91,5.77,61.14,2025-05-29,MOIL Central Geology Lab
SMP-0728,INT-0728,SMP-0728,3.49,13.29,45.47,2025-05-29,MOIL Central Geology Lab
SMP-0729,INT-0729,SMP-0729,3.39,7.91,59.5,2025-05-29,MOIL Central Geology Lab
SMP-0730,INT-0730,SMP-0730,0.7,11.6,48.7,2025-05-29,MOIL Central Geology Lab
SMP-0731,INT-0731,SMP-0731,3.48,3.51,50.89,2025-05-29,MOIL Central Geology Lab
SMP-0732,INT-0732,SMP-0732,2.39,10.83,60.39,2025-05-29,MOIL Central Geology Lab
SMP-0733,INT-0733,SMP-0733,1.19,8.63,56.17,2025-05-29,MOIL Central Geology Lab
SMP-0734,INT-0734,SMP-0734,0.77,12.26,49.96,2025-05-29,MOIL Central Geology Lab
SMP-0735,INT-0735,SMP-0735,0.99,11.91,53.57,2025-05-29,MOIL Central Geology Lab
SMP-0736,INT-0736,SMP-0736,4.04,6.05,66.88,2025-03-12,MOIL Central Geology Lab
SMP-0737,INT-0737,SMP-0737,0.95,10.07,51.62,2025-03-12,MOIL Central Geology Lab
SMP-0738,INT-0738,SMP-0738,2.44,9.07,67.55,2025-03-12,MOIL Central Geology Lab
SMP-0739,INT-0739,SMP-0739,3.61,9.53,67.51,2025-03-12,MOIL Central Geology Lab
SMP-0740,INT-0740,SMP-0740,2.58,4.39,53.82,2025-03-12,MOIL Central Geology Lab
SMP-0741,INT-0741,SMP-0741,0.37,5.5,51.23,2025-03-12,MOIL Central Geology Lab
SMP-0742,INT-0742,SMP-0742,2.74,2.08,68.18,2025-03-12,MOIL Central Geology Lab
SMP-0743,INT-0743,SMP-0743,2.3,7.16,62.91,2025-03-12,MOIL Central Geology Lab
SMP-0744,INT-0744,SMP-0744,1.91,11.93,50.12,2025-03-12,MOIL Central Geology Lab
SMP-0745,INT-0745,SMP-0745,0.4,9.76,51.8,2025-03-12,MOIL Central Geology Lab
SMP-0746,INT-0746,SMP-0746,3.53,3.48,63.79,2025-03-12,MOIL Central Geology Lab
SMP-0747,INT-0747,SMP-0747,2.08,12.07,49.82,2025-03-12,MOIL Central Geology Lab
SMP-0748,INT-0748,SMP-0748,1.13,6.03,58.97,2025-03-12,MOIL Central Geology Lab
SMP-0749,INT-0749,SMP-0749,2.82,5.37,50.2,2025-03-12,MOIL Central Geology Lab
SMP-0750,INT-0750,SMP-0750,1.89,11.01,48.76,2025-03-12,MOIL Central Geology Lab
SMP-0751,INT-0751,SMP-0751,3.11,8.79,72.87,2025-03-12,MOIL Central Geology Lab
SMP-0752,INT-0752,SMP-0752,1.57,10.99,57.93,2025-03-12,MOIL Central Geology Lab
SMP-0753,INT-0753,SMP-0753,1.21,6.14,45.9,2025-03-12,MOIL Central Geology Lab
SMP-0754,INT-0754,SMP-0754,0.38,9.65,62.92,2025-03-12,MOIL Central Geology Lab
SMP-0755,INT-0755,SMP-0755,1.47,9.44,62.99,2025-03-12,MOIL Central Geology Lab
SMP-0756,INT-0756,SMP-0756,1.39,5.38,73.9,2025-03-12,MOIL Central Geology Lab
SMP-0757,INT-0757,SMP-0757,0.81,5.76,70.49,2025-07-01,MOIL Central Geology Lab
SMP-0758,INT-0758,SMP-0758,4.22,4.23,56.18,2025-07-01,MOIL Central Geology Lab
SMP-0759,INT-0759,SMP-0759,0.6,3.95,62.86,2025-07-01,MOIL Central Geology Lab
SMP-0760,INT-0760,SMP-0760,2.13,12.96,50.68,2025-07-01,MOIL Central Geology Lab
SMP-0761,INT-0761,SMP-0761,3.05,11.01,67.62,2025-07-01,MOIL Central Geology Lab
SMP-0762,INT-0762,SMP-0762,1.47,3.38,73.25,2025-07-01,MOIL Central Geology Lab
SMP-0763,INT-0763,SMP-0763,1.11,9.96,57.34,2025-07-01,MOIL Central Geology Lab
SMP-0764,INT-0764,SMP-0764,1.73,11.09,53.85,2025-07-01,MOIL Central Geology Lab
SMP-0765,INT-0765,SMP-0765,2.09,10.76,73.21,2025-07-01,MOIL Central Geology Lab
SMP-0766,INT-0766,SMP-0766,3.74,4.08,59.57,2025-07-01,MOIL Central Geology Lab
SMP-0767,INT-0767,SMP-0767,2.32,5.6,62.88,2025-07-01,MOIL Central Geology Lab
SMP-0768,INT-0768,SMP-0768,2.71,6.68,55.65,2025-07-01,MOIL Central Geology Lab
SMP-0769,INT-0769,SMP-0769,0.27,8.98,48.18,2025-07-01,MOIL Central Geology Lab
SMP-0770,INT-0770,SMP-0770,3.21,6.93,61.82,2025-07-01,MOIL Central Geology Lab
SMP-0771,INT-0771,SMP-0771,1.29,11.36,47.96,2025-07-01,MOIL Central Geology Lab
SMP-0772,INT-0772,SMP-0772,0.71,13.77,51.44,2025-07-01,MOIL Central Geology Lab
SMP-0773,INT-0773,SMP-0773,3.38,2.39,64.76,2025-07-01,MOIL Central Geology Lab
SMP-0774,INT-0774,SMP-0774,0.94,8.82,53.89,2025-07-01,MOIL Central Geology Lab
SMP-0775,INT-0775,SMP-0775,2.02,11.52,45.95,2025-07-01,MOIL Central Geology Lab
SMP-0776,INT-0776,SMP-0776,0.82,3.39,45.82,2025-07-01,MOIL Central Geology Lab
SMP-0777,INT-0777,SMP-0777,1.17,9.37,52.59,2025-07-01,MOIL Central Geology Lab
SMP-0778,INT-0778,SMP-0778,4.06,10.94,47.29,2025-07-01,MOIL Central Geology Lab
SMP-0779,INT-0779,SMP-0779,3.66,5.94,51.27,2025-07-01,MOIL Central Geology Lab
SMP-0780,INT-0780,SMP-0780,1.74,12.95,61.97,2025-07-01,MOIL Central Geology Lab
SMP-0781,INT-0781,SMP-0781,2.68,11.14,68.45,2025-07-01,MOIL Central Geology Lab
SMP-0782,INT-0782,SMP-0782,0.27,10.15,47.3,2025-07-01,MOIL Central Geology Lab
SMP-0783,INT-0783,SMP-0783,0.34,7.71,57.23,2025-07-01,MOIL Central Geology Lab
SMP-0784,INT-0784,SMP-0784,4.38,8.75,66.44,2025-07-01,MOIL Central Geology Lab
SMP-0785,INT-0785,SMP-0785,2.4,11.28,46.32,2025-07-01,MOIL Central Geology Lab
SMP-0786,INT-0786,SMP-0786,1.73,8.61,57.1,2025-07-01,MOIL Central Geology Lab
SMP-0787,INT-0787,SMP-0787,2.08,12.79,73.87,2025-07-01,MOIL Central Geology Lab
SMP-0788,INT-0788,SMP-0788,2.49,8.45,53.34,2025-07-01,MOIL Central Geology Lab
SMP-0789,INT-0789,SMP-0789,0.98,3.88,69.82,2025-07-01,MOIL Central Geology Lab
SMP-0790,INT-0790,SMP-0790,1.15,8.22,66.3,2025-07-01,MOIL Central Geology Lab
SMP-0791,INT-0791,SMP-0791,3.35,13.5,51.61,2025-07-01,MOIL Central Geology Lab
SMP-0792,INT-0792,SMP-0792,1.83,5.8,53.57,2025-07-01,MOIL Central Geology Lab
SMP-0793,INT-0793,SMP-0793,2.48,10.13,57.85,2025-07-01,MOIL Central Geology Lab
SMP-0794,INT-0794,SMP-0794,4.04,9.9,45.24,2025-07-01,MOIL Central Geology Lab
SMP-0795,INT-0795,SMP-0795,2.28,8.17,54.25,2025-04-04,MOIL Central Geology Lab
SMP-0796,INT-0796,SMP-0796,2.61,11.94,66.39,2025-04-04,MOIL Central Geology Lab
SMP-0797,INT-0797,SMP-0797,1.9,10.74,55.37,2025-04-04,MOIL Central Geology Lab
SMP-0798,INT-0798,SMP-0798,2.09,3.59,56.47,2025-04-04,MOIL Central Geology Lab
SMP-0799,INT-0799,SMP-0799,4.46,2.31,63.11,2025-04-04,MOIL Central Geology Lab
SMP-0800,INT-0800,SMP-0800,2.05,5.65,50.94,2025-04-04,MOIL Central Geology Lab
SMP-0801,INT-0801,SMP-0801,1.16,5.69,61.39,2025-04-04,MOIL Central Geology Lab
SMP-0802,INT-0802,SMP-0802,0.94,7.02,67.72,2025-04-04,MOIL Central Geology Lab
SMP-0803,INT-0803,SMP-0803,3.17,6.09,69.15,2025-04-04,MOIL Central Geology Lab
SMP-0804,INT-0804,SMP-0804,2.79,3.96,52.01,2025-04-04,MOIL Central Geology Lab
SMP-0805,INT-0805,SMP-0805,4.28,5.66,52.94,2025-04-04,MOIL Central Geology Lab
SMP-0806,INT-0806,SMP-0806,4.18,7.04,46.52,2025-04-04,MOIL Central Geology Lab
SMP-0807,INT-0807,SMP-0807,0.24,12.3,66.93,2025-04-04,MOIL Central Geology Lab
SMP-0808,INT-0808,SMP-0808,3.59,5.68,46.21,2025-04-04,MOIL Central Geology Lab
SMP-0809,INT-0809,SMP-0809,2.63,2.08,46.86,2025-04-04,MOIL Central Geology Lab
SMP-0810,INT-0810,SMP-0810,1.37,12.85,56.24,2025-04-04,MOIL Central Geology Lab
SMP-0811,INT-0811,SMP-0811,3.78,11.67,51.73,2025-04-04,MOIL Central Geology Lab
SMP-0812,INT-0812,SMP-0812,0.58,3.08,50.8,2025-04-04,MOIL Central Geology Lab
SMP-0813,INT-0813,SMP-0813,3.94,3.0,51.33,2025-04-04,MOIL Central Geology Lab
SMP-0814,INT-0814,SMP-0814,3.94,11.11,66.83,2025-04-04,MOIL Central Geology Lab
SMP-0815,INT-0815,SMP-0815,2.48,3.94,62.16,2025-04-04,MOIL Central Geology Lab
SMP-0816,INT-0816,SMP-0816,4.12,8.57,67.02,2025-04-04,MOIL Central Geology Lab
SMP-0817,INT-0817,SMP-0817,1.96,10.16,46.7,2025-04-04,MOIL Central Geology Lab
SMP-0818,INT-0818,SMP-0818,1.65,11.63,52.4,2025-04-04,MOIL Central Geology Lab
SMP-0819,INT-0819,SMP-0819,1.65,5.74,48.66,2025-04-04,MOIL Central Geology Lab
SMP-0820,INT-0820,SMP-0820,1.23,10.07,69.78,2025-04-04,MOIL Central Geology Lab
SMP-0821,INT-0821,SMP-0821,1.91,3.88,67.14,2025-04-04,MOIL Central Geology Lab
SMP-0822,INT-0822,SMP-0822,0.35,13.88,45.9,2025-04-04,MOIL Central Geology Lab
SMP-0823,INT-0823,SMP-0823,4.45,13.73,68.81,2025-04-04,MOIL Central Geology Lab
SMP-0824,INT-0824,SMP-0824,2.38,9.65,74.56,2025-04-04,MOIL Central Geology Lab
SMP-0825,INT-0825,SMP-0825,1.97,7.13,54.91,2025-04-04,MOIL Central Geology Lab
SMP-0826,INT-0826,SMP-0826,0.3,7.16,53.37,2025-04-04,MOIL Central Geology Lab
SMP-0827,INT-0827,SMP-0827,3.55,2.19,69.55,2025-04-04,MOIL Central Geology Lab
SMP-0828,INT-0828,SMP-0828,2.32,4.34,64.56,2025-04-04,MOIL Central Geology Lab
SMP-0829,INT-0829,SMP-0829,1.29,12.39,48.09,2025-04-04,MOIL Central Geology Lab
SMP-0830,INT-0830,SMP-0830,3.1,12.16,54.73,2025-04-04,MOIL Central Geology Lab
SMP-0831,INT-0831,SMP-0831,4.26,11.19,45.16,2025-04-04,MOIL Central Geology Lab
SMP-0832,INT-0832,SMP-0832,0.82,2.22,58.92,2025-04-04,MOIL Central Geology Lab
SMP-0833,INT-0833,SMP-0833,2.89,10.96,51.56,2025-04-04,MOIL Central Geology Lab
SMP-0834,INT-0834,SMP-0834,2.81,12.19,46.35,2025-04-04,MOIL Central Geology Lab
SMP-0835,INT-0835,SMP-0835,2.88,11.68,70.26,2025-03-04,MOIL Central Geology Lab
SMP-0836,INT-0836,SMP-0836,2.03,8.58,50.24,2025-03-04,MOIL Central Geology Lab
SMP-0837,INT-0837,SMP-0837,3.66,6.77,69.18,2025-03-04,MOIL Central Geology Lab
SMP-0838,INT-0838,SMP-0838,0.31,6.35,61.4,2025-03-04,MOIL Central Geology Lab
SMP-0839,INT-0839,SMP-0839,3.64,12.36,49.52,2025-03-04,MOIL Central Geology Lab
SMP-0840,INT-0840,SMP-0840,1.46,8.31,65.93,2025-03-04,MOIL Central Geology Lab
SMP-0841,INT-0841,SMP-0841,41.87,7.74,15.46,2025-03-04,MOIL Central Geology Lab
SMP-0842,INT-0842,SMP-0842,0.55,13.09,54.77,2025-03-04,MOIL Central Geology Lab
SMP-0843,INT-0843,SMP-0843,28.87,7.77,15.03,2025-03-04,MOIL Central Geology Lab
SMP-0844,INT-0844,SMP-0844,0.78,3.13,69.95,2025-03-04,MOIL Central Geology Lab
SMP-0845,INT-0845,SMP-0845,30.12,6.21,13.29,2025-03-04,MOIL Central Geology Lab
SMP-0846,INT-0846,SMP-0846,0.26,5.87,61.63,2025-03-04,MOIL Central Geology Lab
SMP-0847,INT-0847,SMP-0847,4.32,8.79,60.43,2025-03-04,MOIL Central Geology Lab
SMP-0848,INT-0848,SMP-0848,35.79,7.34,9.89,2025-03-04,MOIL Central Geology Lab
SMP-0849,INT-0849,SMP-0849,0.55,11.96,74.3,2025-03-04,MOIL Central Geology Lab
SMP-0850,INT-0850,SMP-0850,4.03,7.57,54.6,2025-03-04,MOIL Central Geology Lab
SMP-0851,INT-0851,SMP-0851,38.03,8.73,11.92,2025-03-04,MOIL Central Geology Lab
SMP-0852,INT-0852,SMP-0852,43.14,7.67,7.2,2025-03-04,MOIL Central Geology Lab
SMP-0853,INT-0853,SMP-0853,3.95,8.0,66.91,2025-03-04,MOIL Central Geology Lab
SMP-0854,INT-0854,SMP-0854,1.42,7.32,63.51,2025-03-04,MOIL Central Geology Lab
SMP-0855,INT-0855,SMP-0855,2.45,5.39,53.94,2025-03-04,MOIL Central Geology Lab
SMP-0856,INT-0856,SMP-0856,41.36,8.58,15.75,2025-03-04,MOIL Central Geology Lab
SMP-0857,INT-0857,SMP-0857,2.94,11.84,46.25,2025-03-04,MOIL Central Geology Lab
SMP-0858,INT-0858,SMP-0858,33.17,5.69,12.14,2025-03-04,MOIL Central Geology Lab
SMP-0859,INT-0859,SMP-0859,0.78,12.72,47.24,2025-03-04,MOIL Central Geology Lab
SMP-0860,INT-0860,SMP-0860,3.21,11.25,55.12,2025-03-04,MOIL Central Geology Lab
SMP-0861,INT-0861,SMP-0861,0.29,5.79,46.71,2025-03-04,MOIL Central Geology Lab
SMP-0862,INT-0862,SMP-0862,1.5,13.6,63.84,2025-03-04,MOIL Central Geology Lab
SMP-0863,INT-0863,SMP-0863,2.15,6.95,73.04,2025-03-04,MOIL Central Geology Lab
SMP-0864,INT-0864,SMP-0864,1.57,8.96,55.37,2025-03-04,MOIL Central Geology Lab
SMP-0865,INT-0865,SMP-0865,1.66,8.07,49.86,2025-03-04,MOIL Central Geology Lab
SMP-0866,INT-0866,SMP-0866,0.66,3.37,73.23,2025-03-04,MOIL Central Geology Lab
SMP-0867,INT-0867,SMP-0867,4.0,6.98,56.62,2025-03-04,MOIL Central Geology Lab
SMP-0868,INT-0868,SMP-0868,2.99,2.74,69.41,2025-03-04,MOIL Central Geology Lab
SMP-0869,INT-0869,SMP-0869,0.78,4.37,50.42,2025-03-04,MOIL Central Geology Lab
SMP-0870,INT-0870,SMP-0870,0.68,12.42,53.92,2025-03-04,MOIL Central Geology Lab
SMP-0871,INT-0871,SMP-0871,0.36,9.44,65.95,2025-03-04,MOIL Central Geology Lab
SMP-0872,INT-0872,SMP-0872,2.76,12.46,62.31,2025-03-04,MOIL Central Geology Lab
SMP-0873,INT-0873,SMP-0873,1.47,8.36,65.35,2025-03-04,MOIL Central Geology Lab
SMP-0874,INT-0874,SMP-0874,2.76,2.97,73.19,2025-04-14,MOIL Central Geology Lab
SMP-0875,INT-0875,SMP-0875,2.36,4.41,54.45,2025-04-14,MOIL Central Geology Lab
SMP-0876,INT-0876,SMP-0876,1.75,5.68,50.86,2025-04-14,MOIL Central Geology Lab
SMP-0877,INT-0877,SMP-0877,3.96,13.65,50.31,2025-04-14,MOIL Central Geology Lab
SMP-0878,INT-0878,SMP-0878,2.22,7.07,74.87,2025-04-14,MOIL Central Geology Lab
SMP-0879,INT-0879,SMP-0879,2.27,11.72,73.52,2025-04-14,MOIL Central Geology Lab
SMP-0880,INT-0880,SMP-0880,3.96,2.15,51.8,2025-04-14,MOIL Central Geology Lab
SMP-0881,INT-0881,SMP-0881,2.09,9.73,56.43,2025-04-14,MOIL Central Geology Lab
SMP-0882,INT-0882,SMP-0882,1.01,7.51,67.56,2025-04-14,MOIL Central Geology Lab
SMP-0883,INT-0883,SMP-0883,1.05,7.29,50.98,2025-04-14,MOIL Central Geology Lab
SMP-0884,INT-0884,SMP-0884,3.64,8.66,69.78,2025-04-14,MOIL Central Geology Lab
SMP-0885,INT-0885,SMP-0885,2.12,2.17,52.42,2025-04-14,MOIL Central Geology Lab
SMP-0886,INT-0886,SMP-0886,2.8,4.65,63.77,2025-04-14,MOIL Central Geology Lab
SMP-0887,INT-0887,SMP-0887,3.72,11.9,68.63,2025-04-14,MOIL Central Geology Lab
SMP-0888,INT-0888,SMP-0888,1.18,10.0,47.4,2025-04-14,MOIL Central Geology Lab
SMP-0889,INT-0889,SMP-0889,0.81,10.91,52.32,2025-04-14,MOIL Central Geology Lab
SMP-0890,INT-0890,SMP-0890,3.88,13.43,71.51,2025-04-14,MOIL Central Geology Lab
SMP-0891,INT-0891,SMP-0891,0.82,8.07,46.86,2025-04-14,MOIL Central Geology Lab
SMP-0892,INT-0892,SMP-0892,2.44,13.93,51.06,2025-04-14,MOIL Central Geology Lab
SMP-0893,INT-0893,SMP-0893,0.41,3.18,46.32,2025-04-14,MOIL Central Geology Lab
SMP-0894,INT-0894,SMP-0894,2.98,2.55,73.38,2025-04-14,MOIL Central Geology Lab
SMP-0895,INT-0895,SMP-0895,0.53,4.04,48.81,2025-04-14,MOIL Central Geology Lab
SMP-0896,INT-0896,SMP-0896,1.26,6.3,74.69,2025-04-14,MOIL Central Geology Lab
SMP-0897,INT-0897,SMP-0897,0.4,13.14,47.73,2025-04-14,MOIL Central Geology Lab
SMP-0898,INT-0898,SMP-0898,0.22,10.05,64.25,2025-04-14,MOIL Central Geology Lab
SMP-0899,INT-0899,SMP-0899,1.98,9.84,62.39,2025-04-14,MOIL Central Geology Lab
SMP-0900,INT-0900,SMP-0900,0.62,13.48,62.98,2025-04-14,MOIL Central Geology Lab
SMP-0901,INT-0901,SMP-0901,1.89,4.84,47.91,2025-04-14,MOIL Central Geology Lab
SMP-0902,INT-0902,SMP-0902,1.09,9.05,48.37,2025-04-14,MOIL Central Geology Lab
SMP-0903,INT-0903,SMP-0903,2.08,9.53,64.42,2025-04-14,MOIL Central Geology Lab
SMP-0904,INT-0904,SMP-0904,1.23,12.49,69.92,2025-04-14,MOIL Central Geology Lab
SMP-0905,INT-0905,SMP-0905,2.91,10.88,63.37,2025-04-14,MOIL Central Geology Lab
SMP-0906,INT-0906,SMP-0906,1.64,10.77,57.6,2025-04-14,MOIL Central Geology Lab
SMP-0907,INT-0907,SMP-0907,2.44,2.82,50.44,2025-04-14,MOIL Central Geology Lab
SMP-0908,INT-0908,SMP-0908,0.8,6.99,61.46,2025-04-14,MOIL Central Geology Lab
SMP-0909,INT-0909,SMP-0909,2.64,2.71,63.98,2025-04-14,MOIL Central Geology Lab
SMP-0910,INT-0910,SMP-0910,0.77,3.9,73.48,2025-04-14,MOIL Central Geology Lab
SMP-0911,INT-0911,SMP-0911,4.46,4.5,55.66,2025-04-14,MOIL Central Geology Lab
SMP-0912,INT-0912,SMP-0912,3.21,9.07,73.16,2025-04-14,MOIL Central Geology Lab
SMP-0913,INT-0913,SMP-0913,0.89,7.66,61.6,2025-04-14,MOIL Central Geology Lab
SMP-0914,INT-0914,SMP-0914,0.5,11.93,52.64,2025-04-14,MOIL Central Geology Lab
SMP-0915,INT-0915,SMP-0915,1.32,10.34,62.02,2025-04-14,MOIL Central Geology Lab
SMP-0916,INT-0916,SMP-0916,0.46,10.33,50.48,2025-01-27,MOIL Central Geology Lab
SMP-0917,INT-0917,SMP-0917,2.33,5.43,67.04,2025-01-27,MOIL Central Geology Lab
SMP-0918,INT-0918,SMP-0918,0.65,3.54,62.22,2025-01-27,MOIL Central Geology Lab
SMP-0919,INT-0919,SMP-0919,2.89,8.61,57.22,2025-01-27,MOIL Central Geology Lab
SMP-0920,INT-0920,SMP-0920,2.96,5.31,59.84,2025-01-27,MOIL Central Geology Lab
SMP-0921,INT-0921,SMP-0921,4.03,9.16,69.3,2025-01-27,MOIL Central Geology Lab
SMP-0922,INT-0922,SMP-0922,4.13,8.87,50.42,2025-01-27,MOIL Central Geology Lab
SMP-0923,INT-0923,SMP-0923,1.85,7.23,62.82,2025-01-27,MOIL Central Geology Lab
SMP-0924,INT-0924,SMP-0924,2.85,2.98,47.63,2025-01-27,MOIL Central Geology Lab
SMP-0925,INT-0925,SMP-0925,3.27,8.95,45.44,2025-01-27,MOIL Central Geology Lab
SMP-0926,INT-0926,SMP-0926,0.26,9.79,65.07,2025-01-27,MOIL Central Geology Lab
SMP-0927,INT-0927,SMP-0927,0.29,3.85,71.59,2025-01-27,MOIL Central Geology Lab
SMP-0928,INT-0928,SMP-0928,3.05,10.15,72.95,2025-01-27,MOIL Central Geology Lab
SMP-0929,INT-0929,SMP-0929,1.1,3.6,64.15,2025-01-27,MOIL Central Geology Lab
SMP-0930,INT-0930,SMP-0930,0.79,2.01,72.1,2025-01-27,MOIL Central Geology Lab
SMP-0931,INT-0931,SMP-0931,3.1,4.87,67.74,2025-01-27,MOIL Central Geology Lab
SMP-0932,INT-0932,SMP-0932,3.13,13.18,63.61,2025-01-27,MOIL Central Geology Lab
SMP-0933,INT-0933,SMP-0933,4.22,5.64,68.46,2025-01-27,MOIL Central Geology Lab
SMP-0934,INT-0934,SMP-0934,0.85,5.94,46.63,2025-01-27,MOIL Central Geology Lab
SMP-0935,INT-0935,SMP-0935,3.34,8.9,51.2,2025-01-27,MOIL Central Geology Lab
SMP-0936,INT-0936,SMP-0936,0.83,4.48,54.4,2025-01-27,MOIL Central Geology Lab
SMP-0937,INT-0937,SMP-0937,1.94,5.23,50.96,2025-01-27,MOIL Central Geology Lab
SMP-0938,INT-0938,SMP-0938,1.79,11.02,71.91,2025-01-27,MOIL Central Geology Lab
SMP-0939,INT-0939,SMP-0939,3.03,9.7,45.77,2025-01-27,MOIL Central Geology Lab
SMP-0940,INT-0940,SMP-0940,1.35,11.75,47.47,2025-01-27,MOIL Central Geology Lab
SMP-0941,INT-0941,SMP-0941,3.96,5.63,70.76,2025-01-27,MOIL Central Geology Lab
SMP-0942,INT-0942,SMP-0942,1.38,12.94,47.93,2025-01-27,MOIL Central Geology Lab
SMP-0943,INT-0943,SMP-0943,1.63,8.01,64.37,2025-01-27,MOIL Central Geology Lab
SMP-0944,INT-0944,SMP-0944,1.52,2.76,50.31,2025-01-27,MOIL Central Geology Lab
SMP-0945,INT-0945,SMP-0945,4.3,5.95,64.87,2025-01-27,MOIL Central Geology Lab
SMP-0946,INT-0946,SMP-0946,4.27,5.76,70.76,2025-01-27,MOIL Central Geology Lab
