id,mine_id,date,blast_id,location,powder_factor,delay_hours,status
BLST-0001,MINE-001,2025-10-01,BLST-DBM-001,Bench 140m North,0.43,1.8,Completed Successfully
BLST-0002,MINE-001,2025-10-04,BLST-DBM-002,Bench 100m North,0.49,1.3,Completed Successfully
BLST-0003,MINE-001,2025-10-07,BLST-DBM-003,Bench 140m North,0.57,1.8,Completed Successfully
BLST-0004,MINE-001,2025-10-10,BLST-DBM-004,Bench 100m North,0.56,0.9,Completed Successfully
BLST-0005,MINE-001,2025-10-13,BLST-DBM-005,Bench 140m North,0.55,1.5,Completed Successfully
BLST-0006,MINE-001,2025-10-16,BLST-DBM-006,Bench 100m North,0.5,0.8,Completed Successfully
BLST-0007,MINE-001,2025-10-19,BLST-DBM-007,Bench 140m North,0.52,1.4,Completed Successfully
BLST-0008,MINE-001,2025-10-22,BLST-DBM-008,Bench 120m North,0.56,1.1,Completed Successfully
BLST-0009,MINE-001,2025-10-25,BLST-DBM-009,Bench 140m North,0.47,1.3,Completed Successfully
BLST-0010,MINE-001,2025-10-28,BLST-DBM-010,Bench 120m North,0.48,1.7,Completed Successfully
BLST-0011,MINE-001,2025-10-31,BLST-DBM-011,Bench 140m North,0.52,1.6,Completed Successfully
BLST-0012,MINE-001,2025-11-03,BLST-DBM-012,Bench 140m North,0.51,1.1,Completed Successfully
BLST-0013,MINE-001,2025-11-06,BLST-DBM-013,Bench 120m North,0.43,0.6,Completed Successfully
BLST-0014,MINE-001,2025-11-09,BLST-DBM-014,Bench 100m North,0.44,0.9,Completed Successfully
BLST-0015,MINE-001,2025-11-12,BLST-DBM-015,Bench 120m North,0.45,1.8,Completed Successfully
BLST-0016,MINE-001,2025-11-15,BLST-DBM-016,Bench 120m North,0.52,1.3,Completed Successfully
BLST-0017,MINE-001,2025-11-18,BLST-DBM-017,Bench 140m North,0.56,1.7,Completed Successfully
BLST-0018,MINE-001,2025-11-21,BLST-DBM-018,Bench 120m North,0.55,0.5,Completed Successfully
BLST-0019,MINE-001,2025-11-24,BLST-DBM-019,Bench 100m North,0.48,1.6,Completed Successfully
BLST-0020,MINE-001,2025-11-27,BLST-DBM-020,Bench 100m North,0.47,1.7,Completed Successfully
BLST-0021,MINE-001,2025-11-30,BLST-DBM-021,Bench 140m North,0.45,0.8,Completed Successfully
BLST-0022,MINE-001,2025-12-03,BLST-DBM-022,Bench 120m North,0.43,1.5,Completed Successfully
BLST-0023,MINE-001,2025-12-06,BLST-DBM-023,Bench 100m North,0.5,1.6,Completed Successfully
BLST-0024,MINE-001,2025-12-09,BLST-DBM-024,Bench 100m North,0.43,2.0,Completed Successfully
BLST-0025,MINE-001,2025-12-12,BLST-DBM-025,Bench 120m North,0.44,1.5,Completed Successfully
BLST-0026,MINE-001,2025-12-15,BLST-DBM-026,Bench 120m North,0.55,1.3,Completed Successfully
BLST-0027,MINE-001,2025-12-18,BLST-DBM-027,Bench 100m North,0.45,1.6,Completed Successfully
BLST-0028,MINE-001,2025-12-21,BLST-DBM-028,Bench 100m North,0.53,0.6,Completed Successfully
BLST-0029,MINE-001,2025-12-24,BLST-DBM-029,Bench 100m North,0.47,1.8,Completed Successfully
BLST-0030,MINE-001,2025-12-27,BLST-DBM-030,Bench 100m North,0.43,0.7,Completed Successfully
BLST-0031,MINE-001,2025-12-30,BLST-DBM-031,Bench 120m North,0.42,2.0,Completed Successfully
BLST-0032,MINE-001,2026-01-02,BLST-DBM-032,Bench 120m North,0.47,1.0,Completed Successfully
BLST-0033,MINE-001,2026-01-05,BLST-DBM-033,Bench 100m North,0.43,1.3,Completed Successfully
BLST-0034,MINE-001,2026-01-08,BLST-DBM-034,Bench 120m North,0.5,1.9,Completed Successfully
BLST-0035,MINE-001,2026-01-11,BLST-DBM-035,Bench 120m North,0.54,0.5,Completed Successfully
BLST-0036,MINE-001,2026-01-14,BLST-DBM-036,Bench 100m North,0.47,1.2,Completed Successfully
BLST-0037,MINE-001,2026-01-17,BLST-DBM-037,Bench 100m North,0.49,1.4,Completed Successfully
BLST-0038,MINE-001,2026-01-20,BLST-DBM-038,Bench 140m North,0.48,1.7,Completed Successfully
BLST-0039,MINE-001,2026-01-23,BLST-DBM-039,Bench 100m North,0.47,0.9,Completed Successfully
BLST-0040,MINE-001,2026-01-26,BLST-DBM-040,Bench 100m North,0.56,1.1,Completed Successfully
BLST-0041,MINE-001,2026-01-29,BLST-DBM-041,Bench 100m North,0.44,1.6,Completed Successfully
BLST-0042,MINE-001,2026-02-01,BLST-DBM-042,Bench 120m North,0.43,1.6,Completed Successfully
BLST-0043,MINE-001,2026-02-04,BLST-DBM-043,Bench 140m North,0.44,1.4,Completed Successfully
BLST-0044,MINE-001,2026-02-07,BLST-DBM-044,Bench 120m North,0.55,2.0,Completed Successfully
BLST-0045,MINE-001,2026-02-10,BLST-DBM-045,Bench 120m North,0.42,0.9,Completed Successfully
BLST-0046,MINE-001,2026-02-13,BLST-DBM-046,Bench 120m North,0.56,1.2,Completed Successfully
BLST-0047,MINE-001,2026-02-16,BLST-DBM-047,Bench 100m North,0.44,1.1,Completed Successfully
BLST-0048,MINE-001,2026-02-19,BLST-DBM-048,Bench 120m North,0.54,0.7,Completed Successfully
BLST-0049,MINE-001,2026-02-22,BLST-DBM-049,Bench 100m North,0.54,1.9,Completed Successfully
BLST-0050,MINE-001,2026-02-25,BLST-DBM-050,Bench 140m North,0.44,1.6,Completed Successfully
BLST-0051,MINE-001,2026-02-28,BLST-DBM-051,Bench 100m North,0.54,0.5,Completed Successfully
BLST-0052,MINE-001,2026-03-03,BLST-DBM-052,Bench 100m North,0.44,0.7,Completed Successfully
BLST-0053,MINE-001,2026-03-06,BLST-DBM-053,Bench 100m North,0.54,1.1,Completed Successfully
BLST-0054,MINE-001,2026-03-09,BLST-DBM-054,Bench 100m North,0.54,0.8,Completed Successfully
BLST-0055,MINE-001,2026-03-12,BLST-DBM-055,Bench 140m North,0.54,1.4,Completed Successfully
BLST-0056,MINE-001,2026-03-15,BLST-DBM-056,Bench 140m North,0.42,1.2,Completed Successfully
BLST-0057,MINE-001,2026-03-18,BLST-DBM-057,Bench 140m North,0.44,0.9,Completed Successfully
BLST-0058,MINE-001,2026-03-21,BLST-DBM-058,Bench 140m North,0.5,1.0,Completed Successfully
BLST-0059,MINE-001,2026-03-24,BLST-DBM-059,Bench 100m North,0.58,1.5,Completed Successfully
BLST-0060,MINE-001,2026-03-27,BLST-DBM-060,Bench 100m North,0.45,1.4,Completed Successfully
BLST-0061,MINE-001,2026-03-30,BLST-DBM-061,Bench 140m North,0.44,1.8,Completed Successfully
BLST-0062,MINE-001,2026-04-02,BLST-DBM-062,Bench 140m North,0.52,1.6,Completed Successfully
BLST-0063,MINE-001,2026-04-05,BLST-DBM-063,Bench 140m North,0.48,1.9,Completed Successfully
BLST-0064,MINE-001,2026-04-08,BLST-DBM-064,Bench 140m North,0.53,0.6,Completed Successfully
BLST-0065,MINE-001,2026-04-11,BLST-DBM-065,Bench 140m North,0.56,0.9,Completed Successfully
BLST-0066,MINE-001,2026-04-14,BLST-DBM-066,Bench 140m North,0.45,1.9,Completed Successfully
BLST-0067,MINE-001,2026-04-17,BLST-DBM-067,Bench 100m North,0.57,1.9,Completed Successfully
BLST-0068,MINE-001,2026-04-20,BLST-DBM-068,Bench 140m North,0.47,1.6,Completed Successfully
BLST-0069,MINE-001,2026-04-23,BLST-DBM-069,Bench 120m North,0.53,1.3,Completed Successfully
BLST-0070,MINE-001,2026-04-26,BLST-DBM-070,Bench 100m North,0.51,1.1,Completed Successfully
BLST-0071,MINE-001,2026-04-29,BLST-DBM-071,Bench 100m North,0.51,1.3,Completed Successfully
BLST-0072,MINE-001,2026-05-02,BLST-DBM-072,Bench 100m North,0.48,1.4,Completed Successfully
BLST-0073,MINE-001,2026-05-05,BLST-DBM-073,Bench 100m North,0.46,1.3,Completed Successfully
BLST-0074,MINE-001,2026-05-08,BLST-DBM-074,Bench 100m North,0.52,1.0,Completed Successfully
BLST-0075,MINE-001,2026-05-11,BLST-DBM-075,Bench 140m North,0.49,1.0,Completed Successfully
BLST-0076,MINE-001,2026-05-14,BLST-DBM-076,Bench 120m North,0.56,0.9,Completed Successfully
BLST-0077,MINE-001,2026-05-17,BLST-DBM-077,Bench 100m North,0.47,1.2,Completed Successfully
BLST-0078,MINE-001,2026-05-20,BLST-DBM-078,Bench 120m North,0.53,0.9,Completed Successfully
BLST-0079,MINE-001,2026-05-23,BLST-DBM-079,Bench 100m North,0.46,1.7,Completed Successfully
BLST-0080,MINE-001,2026-05-26,BLST-DBM-080,Bench 140m North,0.56,1.7,Completed Successfully
BLST-0081,MINE-001,2026-05-29,BLST-DBM-081,Bench 120m North,0.49,1.2,Completed Successfully
BLST-0082,MINE-001,2026-06-01,BLST-DBM-082,Bench 100m North,0.52,1.5,Completed Successfully
BLST-0083,MINE-001,2026-06-04,BLST-DBM-083,Bench 120m North,0.53,1.9,Completed Successfully
BLST-0084,MINE-001,2026-06-07,BLST-DBM-084,Bench 140m North,0.46,1.2,Completed Successfully
BLST-0085,MINE-001,2026-06-10,BLST-DBM-085,Bench 120m North,0.47,0.8,Completed Successfully
BLST-0086,MINE-001,2026-06-13,BLST-DBM-086,Bench 120m North,0.45,1.9,Completed Successfully
BLST-0087,MINE-001,2026-06-16,BLST-DBM-087,Bench 120m North,0.53,0.5,Completed Successfully
BLST-0088,MINE-001,2026-06-19,BLST-DBM-088,Bench 120m North,0.49,1.8,Completed Successfully
BLST-0089,MINE-001,2026-06-22,BLST-DBM-089,Bench 120m North,0.44,1.7,Completed Successfully
BLST-0090,MINE-001,2026-06-25,BLST-DBM-090,Bench 100m North,0.51,0.8,Completed Successfully
BLST-0091,MINE-001,2026-06-28,BLST-DBM-091,Bench 100m North,0.56,1.1,Completed Successfully
BLST-0092,MINE-001,2026-07-01,BLST-DBM-092,Bench 140m North,0.44,1.6,Completed Successfully
BLST-0093,MINE-001,2026-07-04,BLST-DBM-093,Bench 140m North,0.51,1.5,Completed Successfully
BLST-0094,MINE-001,2026-07-07,BLST-DBM-094,Bench 140m North,0.52,0.6,Completed Successfully
BLST-0095,MINE-001,2026-07-10,BLST-DBM-095,Bench 100m North,0.53,1.2,Completed Successfully
BLST-0096,MINE-001,2026-07-13,BLST-DBM-096,Bench 100m North,0.55,1.3,Completed Successfully
BLST-0097,MINE-001,2026-07-16,BLST-DBM-097,Bench 120m North,0.49,0.8,Completed Successfully
BLST-0098,MINE-001,2026-07-19,BLST-DBM-098,Bench 140m North,0.57,1.9,Completed Successfully
BLST-0099,MINE-001,2026-07-22,BLST-DBM-099,Bench 120m North,0.55,1.9,Completed Successfully
BLST-0100,MINE-001,2026-07-25,BLST-DBM-100,Bench 100m North,0.58,0.5,Completed Successfully
BLST-0101,MINE-001,2026-07-28,BLST-DBM-101,Bench 100m North,0.47,1.6,Completed Successfully
BLST-0102,MINE-001,2026-07-31,BLST-DBM-102,Bench 140m North,0.55,1.2,Completed Successfully
BLST-0103,MINE-001,2026-08-03,BLST-DBM-103,Bench 120m North,0.45,1.6,Completed Successfully
BLST-0104,MINE-001,2026-08-06,BLST-DBM-104,Bench 120m North,0.46,1.0,Completed Successfully
BLST-0105,MINE-001,2026-08-09,BLST-DBM-105,Bench 120m North,0.47,1.2,Completed Successfully
BLST-0106,MINE-001,2026-08-12,BLST-DBM-106,Bench 140m North,0.53,1.8,Completed Successfully
BLST-0107,MINE-001,2026-08-15,BLST-DBM-107,Bench 120m North,0.42,0.9,Completed Successfully
BLST-0108,MINE-001,2026-08-18,BLST-DBM-108,Bench 140m North,0.49,2.0,Completed Successfully
BLST-0109,MINE-001,2026-08-21,BLST-DBM-109,Bench 100m North,0.54,0.7,Completed Successfully
BLST-0110,MINE-001,2026-08-24,BLST-DBM-110,Bench 140m North,0.44,1.5,Completed Successfully
BLST-0111,MINE-001,2026-08-27,BLST-DBM-111,Bench 100m North,0.44,0.9,Completed Successfully
BLST-0112,MINE-001,2026-08-30,BLST-DBM-112,Bench 120m North,0.49,1.0,Completed Successfully
BLST-0113,MINE-001,2026-09-02,BLST-DBM-113,Bench 100m North,0.57,0.7,Completed Successfully
BLST-0114,MINE-001,2026-09-05,BLST-DBM-114,Bench 100m North,0.54,1.0,Completed Successfully
BLST-0115,MINE-001,2026-09-08,BLST-DBM-115,Bench 120m North,0.5,1.4,Completed Successfully
BLST-0116,MINE-001,2026-09-11,BLST-DBM-116,Bench 120m North,0.49,0.9,Completed Successfully
BLST-0117,MINE-001,2026-09-14,BLST-DBM-117,Bench 140m North,0.52,1.2,Completed Successfully
BLST-0118,MINE-001,2026-09-17,BLST-DBM-118,Bench 120m North,0.42,0.6,Completed Successfully
BLST-0119,MINE-001,2026-09-20,BLST-DBM-119,Bench 100m North,0.5,0.5,Completed Successfully
BLST-0120,MINE-001,2026-09-23,BLST-DBM-120,Bench 120m North,0.45,0.8,Completed Successfully
BLST-0121,MINE-001,2026-09-26,BLST-DBM-121,Bench 120m North,0.53,1.2,Completed Successfully
BLST-0122,MINE-001,2026-09-29,BLST-DBM-122,Bench 120m North,0.47,0.7,Completed Successfully
