id,borehole_id,from_depth,to_depth,lithology,mn_grade
INT-0001,BH-001,0.0,2.94,Pegmatite,2.17
INT-0002,BH-001,2.94,8.85,Quartzite,4.37
INT-0003,BH-001,8.85,11.94,Quartzite,2.86
INT-0004,BH-001,11.94,14.08,Pegmatite,2.83
INT-0005,BH-001,14.08,18.28,Schist,0.59
INT-0006,BH-001,18.28,26.18,Quartzite,0.4
INT-0007,BH-001,26.18,28.57,Quartzite,4.35
INT-0008,BH-001,28.57,31.16,Pegmatite,3.14
INT-0009,BH-001,31.16,34.2,Quartzite,1.31
INT-0010,BH-001,34.2,39.32,Schist,2.64
INT-0011,BH-001,39.32,44.02,Schist,4.05
INT-0012,BH-001,44.02,46.55,Pegmatite,2.44
INT-0013,BH-001,46.55,53.03,Pegmatite,3.76
INT-0014,BH-001,53.03,58.29,Quartzite,1.47
INT-0015,BH-001,58.29,62.83,Quartzite,1.05
INT-0016,BH-001,62.83,69.07,Pegmatite,3.6
INT-0017,BH-001,69.07,74.98,Pegmatite,3.86
INT-0018,BH-001,74.98,79.2,Schist,1.6
INT-0019,BH-001,79.2,86.52,Quartzite,1.85
INT-0020,BH-001,86.52,92.85,Pegmatite,3.52
INT-0021,BH-001,92.85,97.42,Schist,2.09
INT-0022,BH-001,97.42,102.27,Quartzite,2.39
INT-0023,BH-001,102.27,106.73,Pegmatite,1.07
INT-0024,BH-001,106.73,112.9,Schist,2.88
INT-0025,BH-001,112.9,117.64,Schist,4.0
INT-0026,BH-001,117.64,121.78,Schist,0.67
INT-0027,BH-001,121.78,128.69,Quartzite,1.51
INT-0028,BH-001,128.69,133.6,Quartzite,0.72
INT-0029,BH-001,133.6,137.54,Quartzite,1.94
INT-0030,BH-001,137.54,141.02,Pegmatite,2.34
INT-0031,BH-001,141.02,143.24,Quartzite,4.4
INT-0032,BH-001,143.24,147.31,Quartzite,1.23
INT-0033,BH-001,147.31,155.22,Pegmatite,3.09
INT-0034,BH-001,155.22,161.59,Quartzite,2.92
INT-0035,BH-001,161.59,163.81,Quartzite,0.85
INT-0036,BH-002,0.0,4.09,Pegmatite,0.95
INT-0037,BH-002,4.09,11.71,Quartzite,3.11
INT-0038,BH-002,11.71,16.96,Schist,1.31
INT-0039,BH-002,16.96,22.29,Quartzite,1.24
INT-0040,BH-002,22.29,29.69,Pegmatite,1.01
INT-0041,BH-002,29.69,36.77,Schist,3.55
INT-0042,BH-002,36.77,39.74,Schist,3.08
INT-0043,BH-002,39.74,47.38,Quartzite,0.22
INT-0044,BH-002,47.38,53.53,Quartzite,1.16
INT-0045,BH-002,53.53,57.48,Pegmatite,3.3
INT-0046,BH-002,57.48,62.53,Schist,1.34
INT-0047,BH-002,62.53,66.89,Schist,4.1
INT-0048,BH-002,66.89,72.76,Pegmatite,2.32
INT-0049,BH-002,72.76,76.44,Pegmatite,3.5
INT-0050,BH-002,76.44,81.26,Schist,4.13
INT-0051,BH-002,81.26,88.83,Quartzite,2.58
INT-0052,BH-002,88.83,91.28,Quartzite,1.86
INT-0053,BH-002,91.28,94.3,Quartzite,1.9
INT-0054,BH-002,94.3,96.72,Schist,2.84
INT-0055,BH-002,96.72,101.83,Schist,1.59
INT-0056,BH-002,101.83,108.08,Pegmatite,1.46
INT-0057,BH-002,108.08,115.28,Quartzite,0.55
INT-0058,BH-002,115.28,118.45,Schist,3.62
INT-0059,BH-002,118.45,122.7,Schist,2.09
INT-0060,BH-002,122.7,125.63,Schist,1.43
INT-0061,BH-002,125.63,127.85,Schist,1.5
INT-0062,BH-002,127.85,134.82,Quartzite,2.17
INT-0063,BH-002,134.82,139.29,Pegmatite,2.94
INT-0064,BH-002,139.29,144.39,Schist,0.38
INT-0065,BH-002,144.39,150.85,Schist,0.31
INT-0066,BH-002,150.85,157.03,Quartzite,0.45
INT-0067,BH-002,157.03,160.47,Schist,3.27
INT-0068,BH-002,160.47,168.2,Pegmatite,3.03
INT-0069,BH-002,168.2,170.49,Schist,1.73
INT-0070,BH-002,170.49,173.19,Quartzite,0.6
INT-0071,BH-002,173.19,176.24,Schist,3.48
INT-0072,BH-002,176.24,179.56,Quartzite,1.91
INT-0073,BH-003,0.0,5.95,Pegmatite,4.26
INT-0074,BH-003,5.95,12.76,Schist,2.67
INT-0075,BH-003,12.76,19.68,Pegmatite,3.73
INT-0076,BH-003,19.68,23.32,Pegmatite,1.82
INT-0077,BH-003,23.32,27.34,Schist,1.57
INT-0078,BH-003,27.34,34.23,Quartzite,2.33
INT-0079,BH-003,34.23,41.85,Quartzite,3.65
INT-0080,BH-003,41.85,48.35,Pegmatite,4.46
INT-0081,BH-003,48.35,55.01,Pegmatite,4.2
INT-0082,BH-003,55.01,61.52,Quartzite,1.22
INT-0083,BH-003,61.52,66.5,Quartzite,1.58
INT-0084,BH-003,66.5,68.57,Quartzite,3.84
INT-0085,BH-003,68.57,74.63,Pegmatite,2.32
INT-0086,BH-003,74.63,80.24,Pegmatite,1.11
INT-0087,BH-003,80.24,82.92,Quartzite,2.33
INT-0088,BH-003,82.92,87.57,Pegmatite,2.55
INT-0089,BH-003,87.57,93.7,Schist,2.86
INT-0090,BH-003,93.7,99.91,Schist,1.91
INT-0091,BH-003,99.91,104.99,Schist,4.44
INT-0092,BH-003,104.99,111.87,Pegmatite,4.1
INT-0093,BH-003,111.87,118.12,Pegmatite,3.54
INT-0094,BH-003,118.12,125.56,Pegmatite,2.07
INT-0095,BH-003,125.56,130.99,Quartzite,3.74
INT-0096,BH-003,130.99,134.42,Quartzite,1.81
INT-0097,BH-003,134.42,137.76,Schist,3.65
INT-0098,BH-003,137.76,141.7,Schist,4.18
INT-0099,BH-003,141.7,147.87,Quartzite,2.45
INT-0100,BH-003,147.87,150.44,Quartzite,3.2
INT-0101,BH-004,0.0,4.01,Schist,1.01
INT-0102,BH-004,4.01,9.51,Quartzite,4.39
INT-0103,BH-004,9.51,14.73,Quartzite,1.97
INT-0104,BH-004,14.73,17.53,Pegmatite,3.74
INT-0105,BH-004,17.53,23.21,Schist,0.56
INT-0106,BH-004,23.21,26.2,Quartzite,3.54
INT-0107,BH-004,26.2,30.46,Schist,1.84
INT-0108,BH-004,30.46,37.49,Schist,0.36
INT-0109,BH-004,37.49,39.94,Quartzite,2.5
INT-0110,BH-004,39.94,45.45,Quartzite,4.26
INT-0111,BH-004,45.45,50.15,Schist,1.28
INT-0112,BH-004,50.15,57.42,Schist,1.74
INT-0113,BH-004,57.42,62.54,Schist,3.77
INT-0114,BH-004,62.54,70.35,Schist,3.97
INT-0115,BH-004,70.35,72.52,Pegmatite,3.57
INT-0116,BH-004,72.52,79.94,Schist,1.71
INT-0117,BH-004,79.94,84.56,Pegmatite,3.32
INT-0118,BH-004,84.56,92.02,Schist,2.87
INT-0119,BH-004,92.02,94.9,Quartzite,2.32
INT-0120,BH-004,94.9,102.78,Quartzite,1.69
INT-0121,BH-004,102.78,106.83,Pegmatite,0.75
INT-0122,BH-004,106.83,109.66,Quartzite,4.06
INT-0123,BH-004,109.66,112.69,Schist,1.16
INT-0124,BH-004,112.69,116.78,Schist,0.58
INT-0125,BH-004,116.78,120.02,Schist,0.75
INT-0126,BH-004,120.02,122.57,Pegmatite,2.9
INT-0127,BH-004,122.57,130.1,Quartzite,0.21
INT-0128,BH-004,130.1,135.23,Pegmatite,2.51
INT-0129,BH-005,0.0,2.8,Pegmatite,4.05
INT-0130,BH-005,2.8,5.44,Schist,1.72
INT-0131,BH-005,5.44,11.86,Schist,2.63
INT-0132,BH-005,11.86,17.07,Quartzite,4.03
INT-0133,BH-005,17.07,23.81,Quartzite,2.26
INT-0134,BH-005,23.81,29.16,Quartzite,2.63
INT-0135,BH-005,29.16,36.56,Schist,1.25
INT-0136,BH-005,36.56,44.16,Quartzite,0.86
INT-0137,BH-005,44.16,47.28,Pegmatite,0.44
INT-0138,BH-005,47.28,49.39,Manganese Gondite,48.44
INT-0139,BH-005,49.39,56.89,Schist,1.31
INT-0140,BH-005,56.89,64.47,Manganese Gondite,39.72
INT-0141,BH-005,64.47,67.59,Manganese Gondite,36.72
INT-0142,BH-005,67.59,70.28,Manganese Gondite,33.92
INT-0143,BH-005,70.28,75.17,Manganese Gondite,29.06
INT-0144,BH-005,75.17,77.55,Manganese Gondite,34.61
INT-0145,BH-005,77.55,83.64,Manganese Gondite,40.21
INT-0146,BH-005,83.64,87.73,Manganese Gondite,45.03
INT-0147,BH-005,87.73,88.73,Manganese Gondite,31.72
INT-0148,BH-006,0.0,2.98,Quartzite,1.0
INT-0149,BH-006,2.98,10.43,Quartzite,3.97
INT-0150,BH-006,10.43,15.06,Schist,4.07
INT-0151,BH-006,15.06,19.69,Quartzite,1.2
INT-0152,BH-006,19.69,24.95,Pegmatite,2.53
INT-0153,BH-006,24.95,31.33,Schist,0.8
INT-0154,BH-006,31.33,36.53,Pegmatite,2.66
INT-0155,BH-006,36.53,42.77,Pegmatite,3.4
INT-0156,BH-006,42.77,49.34,Pegmatite,3.44
INT-0157,BH-006,49.34,53.61,Quartzite,0.75
INT-0158,BH-006,53.61,56.51,Pegmatite,1.96
INT-0159,BH-006,56.51,62.1,Schist,1.28
INT-0160,BH-006,62.1,69.55,Schist,1.18
INT-0161,BH-006,69.55,75.24,Schist,2.72
INT-0162,BH-006,75.24,77.35,Pegmatite,4.21
INT-0163,BH-006,77.35,84.88,Pegmatite,0.86
INT-0164,BH-006,84.88,89.42,Quartzite,0.65
INT-0165,BH-006,89.42,92.16,Quartzite,4.43
INT-0166,BH-006,92.16,99.69,Pegmatite,1.54
INT-0167,BH-006,99.69,103.97,Quartzite,1.64
INT-0168,BH-006,103.97,107.97,Pegmatite,1.98
INT-0169,BH-006,107.97,112.76,Pegmatite,3.37
INT-0170,BH-006,112.76,117.47,Pegmatite,1.27
INT-0171,BH-006,117.47,119.67,Quartzite,1.76
INT-0172,BH-006,119.67,121.75,Quartzite,2.42
INT-0173,BH-006,121.75,127.09,Schist,0.57
INT-0174,BH-006,127.09,132.66,Quartzite,1.91
INT-0175,BH-006,132.66,136.76,Schist,1.02
INT-0176,BH-006,136.76,142.15,Schist,1.46
INT-0177,BH-006,142.15,147.36,Quartzite,1.92
INT-0178,BH-006,147.36,150.45,Quartzite,0.52
INT-0179,BH-006,150.45,157.83,Schist,1.96
INT-0180,BH-006,157.83,164.13,Quartzite,1.95
INT-0181,BH-006,164.13,167.31,Pegmatite,0.28
INT-0182,BH-006,167.31,170.38,Quartzite,2.59
INT-0183,BH-006,170.38,178.31,Schist,3.77
INT-0184,BH-006,178.31,181.54,Pegmatite,1.59
INT-0185,BH-006,181.54,187.96,Quartzite,0.31
INT-0186,BH-006,187.96,191.34,Schist,4.12
INT-0187,BH-007,0.0,6.64,Quartzite,2.08
INT-0188,BH-007,6.64,13.22,Quartzite,3.93
INT-0189,BH-007,13.22,20.02,Quartzite,2.28
INT-0190,BH-007,20.02,26.21,Quartzite,1.31
INT-0191,BH-007,26.21,34.12,Schist,4.07
INT-0192,BH-007,34.12,41.06,Quartzite,3.7
INT-0193,BH-007,41.06,45.49,Schist,3.77
INT-0194,BH-007,45.49,48.31,Quartzite,1.35
INT-0195,BH-007,48.31,54.11,Quartzite,0.95
INT-0196,BH-007,54.11,58.41,Schist,2.01
INT-0197,BH-007,58.41,61.52,Quartzite,2.79
INT-0198,BH-007,61.52,65.25,Quartzite,3.3
INT-0199,BH-007,65.25,69.63,Schist,0.78
INT-0200,BH-007,69.63,74.87,Pegmatite,2.76
INT-0201,BH-007,74.87,80.45,Schist,2.88
INT-0202,BH-007,80.45,84.56,Quartzite,2.33
INT-0203,BH-007,84.56,88.04,Pegmatite,0.53
INT-0204,BH-007,88.04,90.07,Pegmatite,1.55
INT-0205,BH-007,90.07,96.81,Quartzite,2.12
INT-0206,BH-007,96.81,104.05,Pegmatite,3.67
INT-0207,BH-007,104.05,111.15,Quartzite,4.08
INT-0208,BH-007,111.15,113.46,Schist,0.37
INT-0209,BH-007,113.46,116.54,Quartzite,2.23
INT-0210,BH-007,116.54,122.93,Pegmatite,4.17
INT-0211,BH-007,122.93,127.78,Schist,0.44
INT-0212,BH-007,127.78,133.65,Schist,2.76
INT-0213,BH-007,133.65,136.11,Quartzite,2.48
INT-0214,BH-007,136.11,141.54,Quartzite,2.52
INT-0215,BH-007,141.54,146.66,Quartzite,2.85
INT-0216,BH-007,146.66,153.88,Schist,0.2
INT-0217,BH-007,153.88,161.48,Pegmatite,4.49
INT-0218,BH-007,161.48,165.89,Quartzite,2.26
INT-0219,BH-007,165.89,170.28,Schist,2.0
INT-0220,BH-007,170.28,173.71,Pegmatite,2.21
INT-0221,BH-007,173.71,180.0,Quartzite,0.38
INT-0222,BH-007,180.0,184.57,Quartzite,1.88
INT-0223,BH-007,184.57,191.36,Quartzite,0.58
INT-0224,BH-007,191.36,196.29,Pegmatite,4.09
INT-0225,BH-008,0.0,2.72,Pegmatite,0.96
INT-0226,BH-008,2.72,9.4,Schist,3.64
INT-0227,BH-008,9.4,14.51,Schist,2.46
INT-0228,BH-008,14.51,19.46,Quartzite,0.86
INT-0229,BH-008,19.46,22.8,Pegmatite,0.35
INT-0230,BH-008,22.8,27.54,Pegmatite,1.37
INT-0231,BH-008,27.54,34.65,Schist,3.68
INT-0232,BH-008,34.65,37.17,Pegmatite,0.22
INT-0233,BH-008,37.17,42.37,Quartzite,1.15
INT-0234,BH-008,42.37,49.48,Quartzite,2.27
INT-0235,BH-008,49.48,53.57,Schist,2.54
INT-0236,BH-008,53.57,58.7,Quartzite,0.88
INT-0237,BH-008,58.7,62.13,Quartzite,3.12
INT-0238,BH-008,62.13,65.08,Pegmatite,4.33
INT-0239,BH-008,65.08,67.11,Pegmatite,1.18
INT-0240,BH-008,67.11,72.45,Quartzite,2.38
INT-0241,BH-008,72.45,78.15,Quartzite,2.61
INT-0242,BH-008,78.15,80.2,Quartzite,3.55
INT-0243,BH-008,80.2,85.45,Schist,1.67
INT-0244,BH-008,85.45,88.07,Schist,4.27
INT-0245,BH-008,88.07,94.32,Schist,1.69
INT-0246,BH-008,94.32,101.55,Pegmatite,4.37
INT-0247,BH-008,101.55,108.1,Pegmatite,0.48
INT-0248,BH-008,108.1,112.28,Pegmatite,3.14
INT-0249,BH-009,0.0,6.16,Schist,3.52
INT-0250,BH-009,6.16,13.37,Schist,0.85
INT-0251,BH-009,13.37,17.89,Pegmatite,4.35
INT-0252,BH-009,17.89,21.76,Schist,4.04
INT-0253,BH-009,21.76,23.95,Quartzite,3.27
INT-0254,BH-009,23.95,29.21,Schist,1.08
INT-0255,BH-009,29.21,33.93,Schist,3.47
INT-0256,BH-009,33.93,36.13,Schist,2.85
INT-0257,BH-009,36.13,38.83,Quartzite,2.81
INT-0258,BH-009,38.83,42.18,Pegmatite,3.0
INT-0259,BH-009,42.18,46.78,Quartzite,0.84
INT-0260,BH-009,46.78,51.15,Pegmatite,2.78
INT-0261,BH-009,51.15,58.31,Schist,4.1
INT-0262,BH-009,58.31,61.19,Quartzite,2.65
INT-0263,BH-009,61.19,64.45,Quartzite,2.61
INT-0264,BH-009,64.45,69.56,Quartzite,3.99
INT-0265,BH-009,69.56,73.71,Pegmatite,0.77
INT-0266,BH-009,73.71,80.51,Schist,0.38
INT-0267,BH-009,80.51,83.26,Pegmatite,0.34
INT-0268,BH-009,83.26,88.51,Schist,4.22
INT-0269,BH-009,88.51,95.21,Pegmatite,3.7
INT-0270,BH-009,95.21,100.5,Schist,3.57
INT-0271,BH-009,100.5,102.91,Schist,0.55
INT-0272,BH-010,0.0,3.09,Pegmatite,2.06
INT-0273,BH-010,3.09,5.22,Pegmatite,1.18
INT-0274,BH-010,5.22,11.12,Schist,1.93
INT-0275,BH-010,11.12,14.34,Pegmatite,2.19
INT-0276,BH-010,14.34,20.8,Quartzite,1.69
INT-0277,BH-010,20.8,23.04,Quartzite,2.41
INT-0278,BH-010,23.04,27.41,Schist,2.77
INT-0279,BH-010,27.41,35.36,Schist,4.12
INT-0280,BH-010,35.36,41.15,Pegmatite,1.21
INT-0281,BH-010,41.15,46.76,Schist,1.22
INT-0282,BH-010,46.76,53.89,Quartzite,2.08
INT-0283,BH-010,53.89,59.45,Pegmatite,1.74
INT-0284,BH-010,59.45,63.8,Quartzite,1.92
INT-0285,BH-010,63.8,69.33,Quartzite,1.22
INT-0286,BH-010,69.33,73.98,Schist,2.13
INT-0287,BH-010,73.98,78.68,Pegmatite,4.28
INT-0288,BH-010,78.68,82.96,Pegmatite,3.37
INT-0289,BH-010,82.96,90.03,Pegmatite,3.93
INT-0290,BH-010,90.03,93.65,Schist,0.73
INT-0291,BH-010,93.65,99.49,Pegmatite,2.14
INT-0292,BH-010,99.49,104.53,Schist,3.16
INT-0293,BH-010,104.53,110.65,Schist,4.29
INT-0294,BH-010,110.65,115.38,Pegmatite,2.44
INT-0295,BH-010,115.38,118.13,Schist,1.52
INT-0296,BH-010,118.13,124.17,Schist,1.01
INT-0297,BH-010,124.17,127.58,Pegmatite,0.96
INT-0298,BH-010,127.58,135.25,Schist,0.28
INT-0299,BH-010,135.25,142.44,Quartzite,0.33
INT-0300,BH-010,142.44,148.5,Pegmatite,4.25
INT-0301,BH-010,148.5,153.96,Schist,3.03
INT-0302,BH-010,153.96,161.82,Quartzite,4.47
INT-0303,BH-010,161.82,165.55,Pegmatite,3.98
INT-0304,BH-010,165.55,171.56,Schist,4.08
INT-0305,BH-010,171.56,178.77,Quartzite,0.72
INT-0306,BH-010,178.77,182.72,Schist,1.9
INT-0307,BH-010,182.72,187.41,Quartzite,2.55
INT-0308,BH-010,187.41,192.93,Schist,2.96
INT-0309,BH-010,192.93,198.18,Schist,2.26
INT-0310,BH-010,198.18,202.46,Schist,2.46
INT-0311,BH-010,202.46,206.83,Pegmatite,3.7
INT-0312,BH-010,206.83,208.94,Pegmatite,2.05
INT-0313,BH-010,208.94,216.62,Pegmatite,1.83
INT-0314,BH-011,0.0,7.58,Pegmatite,2.7
INT-0315,BH-011,7.58,11.98,Quartzite,1.98
INT-0316,BH-011,11.98,18.07,Schist,3.64
INT-0317,BH-011,18.07,24.83,Quartzite,1.3
INT-0318,BH-011,24.83,31.67,Quartzite,1.81
INT-0319,BH-011,31.67,33.69,Schist,3.72
INT-0320,BH-011,33.69,36.96,Schist,0.95
INT-0321,BH-011,36.96,43.58,Quartzite,1.22
INT-0322,BH-011,43.58,50.52,Pegmatite,3.07
INT-0323,BH-011,50.52,55.23,Schist,0.86
INT-0324,BH-011,55.23,60.07,Quartzite,0.61
INT-0325,BH-011,60.07,65.71,Pegmatite,1.2
INT-0326,BH-011,65.71,70.69,Schist,1.38
INT-0327,BH-011,70.69,75.35,Quartzite,3.29
INT-0328,BH-011,75.35,78.12,Pegmatite,2.79
INT-0329,BH-011,78.12,84.76,Quartzite,4.05
INT-0330,BH-011,84.76,88.12,Quartzite,2.85
INT-0331,BH-011,88.12,94.14,Pegmatite,2.95
INT-0332,BH-011,94.14,100.22,Quartzite,2.16
INT-0333,BH-011,100.22,104.49,Schist,2.6
INT-0334,BH-011,104.49,106.85,Schist,4.32
INT-0335,BH-011,106.85,110.06,Schist,0.62
INT-0336,BH-011,110.06,114.15,Pegmatite,4.19
INT-0337,BH-011,114.15,117.06,Quartzite,3.37
INT-0338,BH-011,117.06,123.09,Schist,1.31
INT-0339,BH-011,123.09,128.74,Schist,0.89
INT-0340,BH-011,128.74,132.1,Quartzite,1.75
INT-0341,BH-011,132.1,137.42,Pegmatite,3.75
INT-0342,BH-011,137.42,144.66,Schist,4.15
INT-0343,BH-011,144.66,151.77,Schist,2.35
INT-0344,BH-011,151.77,153.23,Schist,3.98
INT-0345,BH-012,0.0,6.17,Schist,4.32
INT-0346,BH-012,6.17,11.62,Quartzite,3.91
INT-0347,BH-012,11.62,17.26,Schist,3.77
INT-0348,BH-012,17.26,24.21,Quartzite,1.78
INT-0349,BH-012,24.21,27.02,Quartzite,2.56
INT-0350,BH-012,27.02,30.89,Schist,3.97
INT-0351,BH-012,30.89,32.89,Pegmatite,2.86
INT-0352,BH-012,32.89,35.26,Pegmatite,1.02
INT-0353,BH-012,35.26,41.79,Pegmatite,3.19
INT-0354,BH-012,41.79,44.64,Quartzite,3.57
INT-0355,BH-012,44.64,50.79,Quartzite,2.39
INT-0356,BH-012,50.79,56.48,Quartzite,2.88
INT-0357,BH-012,56.48,59.26,Pegmatite,2.13
INT-0358,BH-012,59.26,63.74,Schist,0.96
INT-0359,BH-012,63.74,67.23,Schist,2.27
INT-0360,BH-012,67.23,73.79,Schist,1.02
INT-0361,BH-012,73.79,80.8,Quartzite,4.4
INT-0362,BH-012,80.8,85.73,Pegmatite,1.34
INT-0363,BH-012,85.73,89.33,Quartzite,2.3
INT-0364,BH-012,89.33,95.75,Pegmatite,1.82
INT-0365,BH-012,95.75,102.46,Quartzite,0.77
INT-0366,BH-012,102.46,110.12,Schist,2.08
INT-0367,BH-012,110.12,112.35,Quartzite,3.75
INT-0368,BH-012,112.35,117.05,Quartzite,2.84
INT-0369,BH-012,117.05,119.95,Quartzite,2.11
INT-0370,BH-012,119.95,126.43,Quartzite,0.51
INT-0371,BH-012,126.43,134.17,Quartzite,1.87
INT-0372,BH-012,134.17,136.42,Pegmatite,3.04
INT-0373,BH-013,0.0,2.49,Quartzite,1.47
INT-0374,BH-013,2.49,6.78,Schist,0.24
INT-0375,BH-013,6.78,9.2,Quartzite,2.48
INT-0376,BH-013,9.2,15.99,Pegmatite,4.41
INT-0377,BH-013,15.99,22.48,Schist,0.75
INT-0378,BH-013,22.48,25.83,Quartzite,1.82
INT-0379,BH-013,25.83,28.81,Schist,4.19
INT-0380,BH-013,28.81,30.89,Quartzite,1.43
INT-0381,BH-013,30.89,37.97,Quartzite,2.54
INT-0382,BH-013,37.97,45.84,Schist,3.33
INT-0383,BH-013,45.84,48.9,Schist,3.44
INT-0384,BH-013,48.9,55.27,Schist,0.77
INT-0385,BH-013,55.27,58.55,Pegmatite,0.85
INT-0386,BH-013,58.55,65.1,Quartzite,2.39
INT-0387,BH-013,65.1,71.23,Pegmatite,2.68
INT-0388,BH-013,71.23,74.2,Schist,0.24
INT-0389,BH-013,74.2,82.15,Pegmatite,1.93
INT-0390,BH-013,82.15,87.48,Schist,2.85
INT-0391,BH-013,87.48,94.18,Schist,3.85
INT-0392,BH-013,94.18,96.25,Quartzite,4.32
INT-0393,BH-013,96.25,99.14,Pegmatite,2.22
INT-0394,BH-013,99.14,103.45,Schist,4.01
INT-0395,BH-013,103.45,107.93,Pegmatite,0.21
INT-0396,BH-013,107.93,114.7,Quartzite,2.73
INT-0397,BH-013,114.7,117.09,Schist,2.61
INT-0398,BH-013,117.09,117.11,Schist,2.79
INT-0399,BH-014,0.0,3.26,Pegmatite,2.09
INT-0400,BH-014,3.26,7.86,Schist,1.8
INT-0401,BH-014,7.86,14.46,Quartzite,4.21
INT-0402,BH-014,14.46,20.28,Pegmatite,0.71
INT-0403,BH-014,20.28,24.58,Quartzite,4.29
INT-0404,BH-014,24.58,32.46,Pegmatite,0.31
INT-0405,BH-014,32.46,36.1,Quartzite,4.2
INT-0406,BH-014,36.1,43.22,Schist,3.95
INT-0407,BH-014,43.22,50.04,Schist,4.23
INT-0408,BH-014,50.04,52.34,Pegmatite,2.33
INT-0409,BH-014,52.34,58.93,Schist,1.17
INT-0410,BH-014,58.93,66.47,Quartzite,4.31
INT-0411,BH-014,66.47,70.16,Pegmatite,1.26
INT-0412,BH-014,70.16,73.79,Schist,2.04
INT-0413,BH-014,73.79,76.73,Pegmatite,0.47
INT-0414,BH-014,76.73,81.92,Quartzite,3.52
INT-0415,BH-014,81.92,88.31,Pegmatite,4.34
INT-0416,BH-014,88.31,90.62,Schist,3.34
INT-0417,BH-014,90.62,96.55,Schist,1.02
INT-0418,BH-014,96.55,104.23,Quartzite,0.99
INT-0419,BH-014,104.23,108.74,Quartzite,3.86
INT-0420,BH-014,108.74,111.43,Schist,1.94
INT-0421,BH-014,111.43,116.72,Schist,0.55
INT-0422,BH-014,116.72,119.71,Schist,3.06
INT-0423,BH-014,119.71,126.88,Pegmatite,3.0
INT-0424,BH-014,126.88,131.96,Pegmatite,2.17
INT-0425,BH-014,131.96,135.17,Pegmatite,3.95
INT-0426,BH-014,135.17,141.69,Pegmatite,1.08
INT-0427,BH-014,141.69,148.91,Pegmatite,4.27
INT-0428,BH-014,148.91,154.26,Schist,0.48
INT-0429,BH-014,154.26,159.49,Pegmatite,0.65
INT-0430,BH-014,159.49,163.77,Pegmatite,2.1
INT-0431,BH-014,163.77,166.33,Quartzite,2.68
INT-0432,BH-014,166.33,170.71,Schist,2.49
INT-0433,BH-014,170.71,177.47,Pegmatite,2.84
INT-0434,BH-014,177.47,180.48,Schist,0.81
INT-0435,BH-014,180.48,184.43,Pegmatite,1.55
INT-0436,BH-015,0.0,4.91,Quartzite,3.07
INT-0437,BH-015,4.91,12.2,Pegmatite,3.02
INT-0438,BH-015,12.2,14.76,Quartzite,3.74
INT-0439,BH-015,14.76,22.6,Quartzite,1.47
INT-0440,BH-015,22.6,29.16,Quartzite,2.23
INT-0441,BH-015,29.16,33.31,Schist,3.72
INT-0442,BH-015,33.31,36.78,Schist,0.63
INT-0443,BH-015,36.78,40.87,Pegmatite,1.02
INT-0444,BH-015,40.87,46.33,Quartzite,3.82
INT-0445,BH-015,46.33,52.13,Quartzite,3.11
INT-0446,BH-015,52.13,54.55,Pegmatite,0.92
INT-0447,BH-015,54.55,56.99,Pegmatite,1.66
INT-0448,BH-015,56.99,61.15,Quartzite,0.34
INT-0449,BH-015,61.15,68.78,Quartzite,3.49
INT-0450,BH-015,68.78,72.34,Quartzite,3.96
INT-0451,BH-015,72.34,76.68,Schist,2.18
INT-0452,BH-015,76.68,80.96,Schist,3.65
INT-0453,BH-015,80.96,85.49,Schist,4.15
INT-0454,BH-015,85.49,89.24,Pegmatite,3.75
INT-0455,BH-015,89.24,97.13,Schist,3.32
INT-0456,BH-015,97.13,100.82,Pegmatite,2.13
INT-0457,BH-015,100.82,103.23,Quartzite,1.24
INT-0458,BH-015,103.23,107.04,Pegmatite,0.52
INT-0459,BH-015,107.04,112.63,Pegmatite,4.08
INT-0460,BH-015,112.63,118.19,Quartzite,4.45
INT-0461,BH-015,118.19,124.75,Schist,2.05
INT-0462,BH-016,0.0,6.43,Quartzite,4.11
INT-0463,BH-016,6.43,13.7,Quartzite,0.31
INT-0464,BH-016,13.7,21.16,Schist,3.53
INT-0465,BH-016,21.16,25.82,Quartzite,2.91
INT-0466,BH-016,25.82,29.24,Pegmatite,0.77
INT-0467,BH-016,29.24,37.06,Schist,1.37
INT-0468,BH-016,37.06,40.67,Manganese Gondite,46.28
INT-0469,BH-016,40.67,46.29,Manganese Gondite,32.9
INT-0470,BH-016,46.29,51.13,Manganese Gondite,37.63
INT-0471,BH-016,51.13,56.68,Manganese Gondite,45.51
INT-0472,BH-016,56.68,63.74,Pegmatite,3.65
INT-0473,BH-016,63.74,67.5,Manganese Gondite,36.14
INT-0474,BH-016,67.5,70.18,Manganese Gondite,38.4
INT-0475,BH-016,70.18,76.39,Manganese Gondite,30.7
INT-0476,BH-016,76.39,80.92,Manganese Gondite,46.61
INT-0477,BH-016,80.92,84.78,Manganese Gondite,47.58
INT-0478,BH-016,84.78,90.6,Quartzite,3.77
INT-0479,BH-016,90.6,94.14,Manganese Gondite,44.41
INT-0480,BH-016,94.14,99.72,Manganese Gondite,46.46
INT-0481,BH-016,99.72,106.22,Manganese Gondite,41.24
INT-0482,BH-016,106.22,110.83,Manganese Gondite,30.85
INT-0483,BH-017,0.0,7.95,Schist,0.25
INT-0484,BH-017,7.95,12.87,Quartzite,1.92
INT-0485,BH-017,12.87,16.17,Quartzite,3.34
INT-0486,BH-017,16.17,22.32,Schist,1.94
INT-0487,BH-017,22.32,29.49,Schist,2.12
INT-0488,BH-017,29.49,36.64,Pegmatite,3.47
INT-0489,BH-017,36.64,38.71,Pegmatite,2.78
INT-0490,BH-017,38.71,42.96,Quartzite,2.98
INT-0491,BH-017,42.96,50.64,Pegmatite,0.31
INT-0492,BH-017,50.64,54.68,Pegmatite,3.6
INT-0493,BH-017,54.68,61.76,Schist,3.82
INT-0494,BH-017,61.76,64.39,Quartzite,0.8
INT-0495,BH-017,64.39,69.42,Pegmatite,0.78
INT-0496,BH-017,69.42,76.97,Pegmatite,0.89
INT-0497,BH-017,76.97,81.72,Schist,0.76
INT-0498,BH-017,81.72,85.97,Pegmatite,4.02
INT-0499,BH-017,85.97,93.87,Quartzite,2.81
INT-0500,BH-017,93.87,101.69,Schist,2.53
INT-0501,BH-017,101.69,106.94,Schist,1.26
INT-0502,BH-017,106.94,113.9,Quartzite,1.04
INT-0503,BH-017,113.9,117.52,Pegmatite,2.6
INT-0504,BH-017,117.52,120.36,Pegmatite,0.85
INT-0505,BH-017,120.36,127.05,Pegmatite,3.99
INT-0506,BH-017,127.05,132.77,Quartzite,3.34
INT-0507,BH-017,132.77,139.04,Schist,1.18
INT-0508,BH-017,139.04,145.37,Quartzite,2.17
INT-0509,BH-017,145.37,150.67,Quartzite,3.62
INT-0510,BH-017,150.67,154.2,Quartzite,4.28
INT-0511,BH-018,0.0,5.38,Pegmatite,1.86
INT-0512,BH-018,5.38,10.84,Pegmatite,4.05
INT-0513,BH-018,10.84,16.45,Pegmatite,2.67
INT-0514,BH-018,16.45,19.11,Quartzite,2.09
INT-0515,BH-018,19.11,21.48,Schist,1.3
INT-0516,BH-018,21.48,24.8,Pegmatite,0.28
INT-0517,BH-018,24.8,31.14,Schist,2.47
INT-0518,BH-018,31.14,38.06,Manganese Gondite,43.03
INT-0519,BH-018,38.06,46.0,Schist,3.76
INT-0520,BH-018,46.0,52.43,Manganese Gondite,43.18
INT-0521,BH-018,52.43,59.04,Manganese Gondite,43.71
INT-0522,BH-018,59.04,61.57,Manganese Gondite,29.59
INT-0523,BH-018,61.57,63.97,Manganese Gondite,30.28
INT-0524,BH-018,63.97,66.4,Manganese Gondite,38.71
INT-0525,BH-018,66.4,71.4,Manganese Gondite,42.5
INT-0526,BH-018,71.4,75.82,Schist,1.41
INT-0527,BH-018,75.82,80.25,Manganese Gondite,34.59
INT-0528,BH-018,80.25,86.09,Manganese Gondite,40.37
INT-0529,BH-018,86.09,88.83,Manganese Gondite,38.31
INT-0530,BH-018,88.83,94.58,Schist,1.24
INT-0531,BH-018,94.58,101.4,Manganese Gondite,38.66
INT-0532,BH-018,101.4,105.03,Manganese Gondite,33.83
INT-0533,BH-018,105.03,107.36,Manganese Gondite,34.51
INT-0534,BH-018,107.36,109.64,Schist,4.05
INT-0535,BH-018,109.64,113.68,Manganese Gondite,29.7
INT-0536,BH-018,113.68,116.46,Manganese Gondite,45.76
INT-0537,BH-018,116.46,124.12,Manganese Gondite,35.73
INT-0538,BH-018,124.12,126.82,Pegmatite,2.32
INT-0539,BH-018,126.82,133.04,Schist,0.8
INT-0540,BH-018,133.04,136.14,Pegmatite,4.29
INT-0541,BH-018,136.14,138.77,Pegmatite,2.93
INT-0542,BH-018,138.77,143.76,Pegmatite,2.35
INT-0543,BH-018,143.76,147.01,Schist,3.51
INT-0544,BH-018,147.01,148.8,Quartzite,3.74
INT-0545,BH-019,0.0,5.65,Schist,1.9
INT-0546,BH-019,5.65,12.07,Schist,2.97
INT-0547,BH-019,12.07,15.27,Quartzite,1.44
INT-0548,BH-019,15.27,17.94,Schist,2.54
INT-0549,BH-019,17.94,21.39,Schist,1.65
INT-0550,BH-019,21.39,25.87,Quartzite,3.37
INT-0551,BH-019,25.87,29.47,Quartzite,2.2
INT-0552,BH-019,29.47,35.54,Pegmatite,3.53
INT-0553,BH-019,35.54,43.4,Quartzite,0.53
INT-0554,BH-019,43.4,46.49,Manganese Gondite,34.81
INT-0555,BH-019,46.49,49.83,Manganese Gondite,39.7
INT-0556,BH-019,49.83,55.12,Manganese Gondite,41.85
INT-0557,BH-019,55.12,60.76,Quartzite,1.91
INT-0558,BH-019,60.76,64.13,Quartzite,3.41
INT-0559,BH-019,64.13,71.88,Manganese Gondite,44.1
INT-0560,BH-019,71.88,79.66,Quartzite,1.08
INT-0561,BH-019,79.66,87.04,Manganese Gondite,34.46
INT-0562,BH-019,87.04,92.2,Manganese Gondite,31.36
INT-0563,BH-019,92.2,99.88,Manganese Gondite,42.86
INT-0564,BH-019,99.88,106.02,Manganese Gondite,47.08
INT-0565,BH-019,106.02,108.29,Manganese Gondite,34.19
INT-0566,BH-019,108.29,110.2,Manganese Gondite,40.73
INT-0567,BH-020,0.0,4.89,Quartzite,0.41
INT-0568,BH-020,4.89,11.65,Pegmatite,1.88
INT-0569,BH-020,11.65,17.47,Pegmatite,4.42
INT-0570,BH-020,17.47,22.09,Pegmatite,0.96
INT-0571,BH-020,22.09,24.18,Pegmatite,3.35
INT-0572,BH-020,24.18,28.55,Schist,4.36
INT-0573,BH-020,28.55,35.19,Pegmatite,1.2
INT-0574,BH-020,35.19,42.95,Manganese Gondite,45.53
INT-0575,BH-020,42.95,49.66,Manganese Gondite,39.32
INT-0576,BH-020,49.66,56.51,Pegmatite,3.33
INT-0577,BH-020,56.51,58.69,Manganese Gondite,41.58
INT-0578,BH-020,58.69,63.08,Manganese Gondite,48.36
INT-0579,BH-020,63.08,67.31,Manganese Gondite,43.46
INT-0580,BH-020,67.31,72.77,Manganese Gondite,44.14
INT-0581,BH-020,72.77,76.92,Manganese Gondite,32.93
INT-0582,BH-020,76.92,79.53,Manganese Gondite,32.53
INT-0583,BH-020,79.53,82.58,Manganese Gondite,33.79
INT-0584,BH-020,82.58,87.2,Manganese Gondite,38.59
INT-0585,BH-020,87.2,91.32,Manganese Gondite,47.4
INT-0586,BH-020,91.32,98.0,Manganese Gondite,38.2
INT-0587,BH-020,98.0,101.12,Manganese Gondite,45.53
INT-0588,BH-020,101.12,103.53,Manganese Gondite,38.39
INT-0589,BH-020,103.53,110.54,Manganese Gondite,42.22
INT-0590,BH-020,110.54,113.45,Manganese Gondite,39.05
INT-0591,BH-020,113.45,115.68,Schist,2.49
INT-0592,BH-020,115.68,119.85,Manganese Gondite,32.11
INT-0593,BH-020,119.85,124.47,Manganese Gondite,29.06
INT-0594,BH-020,124.47,130.86,Pegmatite,1.99
INT-0595,BH-020,130.86,138.24,Quartzite,3.26
INT-0596,BH-020,138.24,142.47,Pegmatite,4.5
INT-0597,BH-020,142.47,149.04,Schist,2.74
INT-0598,BH-020,149.04,154.31,Schist,0.29
INT-0599,BH-020,154.31,157.92,Schist,2.27
INT-0600,BH-020,157.92,158.52,Pegmatite,3.46
INT-0601,BH-021,0.0,6.29,Pegmatite,3.66
INT-0602,BH-021,6.29,13.39,Quartzite,1.38
INT-0603,BH-021,13.39,17.46,Schist,3.06
INT-0604,BH-021,17.46,24.05,Pegmatite,2.07
INT-0605,BH-021,24.05,28.95,Schist,0.27
INT-0606,BH-021,28.95,35.74,Quartzite,4.37
INT-0607,BH-021,35.74,41.97,Manganese Gondite,39.2
INT-0608,BH-021,41.97,47.0,Manganese Gondite,45.68
INT-0609,BH-021,47.0,52.32,Manganese Gondite,30.7
INT-0610,BH-021,52.32,56.18,Schist,3.09
INT-0611,BH-021,56.18,61.93,Manganese Gondite,45.07
INT-0612,BH-021,61.93,67.97,Quartzite,0.29
INT-0613,BH-021,67.97,72.44,Manganese Gondite,36.83
INT-0614,BH-021,72.44,75.92,Manganese Gondite,29.72
INT-0615,BH-021,75.92,78.35,Pegmatite,4.26
INT-0616,BH-021,78.35,84.14,Pegmatite,3.58
INT-0617,BH-021,84.14,88.09,Manganese Gondite,46.75
INT-0618,BH-021,88.09,95.95,Schist,0.69
INT-0619,BH-021,95.95,102.18,Manganese Gondite,35.1
INT-0620,BH-021,102.18,105.41,Manganese Gondite,33.5
INT-0621,BH-021,105.41,113.22,Manganese Gondite,29.58
INT-0622,BH-021,113.22,117.0,Pegmatite,2.88
INT-0623,BH-021,117.0,119.09,Manganese Gondite,33.14
INT-0624,BH-021,119.09,124.75,Manganese Gondite,33.56
INT-0625,BH-021,124.75,132.43,Schist,2.13
INT-0626,BH-021,132.43,140.06,Quartzite,1.07
INT-0627,BH-021,140.06,146.14,Quartzite,0.27
INT-0628,BH-021,146.14,150.84,Quartzite,1.15
INT-0629,BH-021,150.84,157.28,Schist,4.4
INT-0630,BH-021,157.28,161.88,Pegmatite,4.03
INT-0631,BH-021,161.88,169.05,Quartzite,2.4
INT-0632,BH-021,169.05,172.43,Pegmatite,2.94
INT-0633,BH-021,172.43,174.98,Quartzite,3.72
INT-0634,BH-021,174.98,177.16,Quartzite,1.12
INT-0635,BH-021,177.16,179.54,Quartzite,2.03
INT-0636,BH-021,179.54,185.11,Schist,4.29
INT-0637,BH-021,185.11,192.05,Pegmatite,1.42
INT-0638,BH-021,192.05,195.85,Pegmatite,3.37
INT-0639,BH-022,0.0,4.21,Schist,3.9
INT-0640,BH-022,4.21,8.68,Schist,1.27
INT-0641,BH-022,8.68,13.34,Pegmatite,4.23
INT-0642,BH-022,13.34,17.09,Pegmatite,2.78
INT-0643,BH-022,17.09,21.54,Pegmatite,2.31
INT-0644,BH-022,21.54,28.13,Schist,0.25
INT-0645,BH-022,28.13,30.8,Quartzite,0.5
INT-0646,BH-022,30.8,38.09,Quartzite,3.75
INT-0647,BH-022,38.09,40.14,Pegmatite,2.41
INT-0648,BH-022,40.14,44.26,Quartzite,3.76
INT-0649,BH-022,44.26,50.98,Schist,1.72
INT-0650,BH-022,50.98,58.24,Quartzite,4.09
INT-0651,BH-022,58.24,62.33,Quartzite,3.89
INT-0652,BH-022,62.33,69.48,Pegmatite,1.98
INT-0653,BH-022,69.48,74.24,Pegmatite,0.97
INT-0654,BH-022,74.24,76.95,Quartzite,3.38
INT-0655,BH-022,76.95,83.69,Schist,0.89
INT-0656,BH-022,83.69,86.68,Schist,3.99
INT-0657,BH-022,86.68,92.17,Schist,2.43
INT-0658,BH-022,92.17,94.52,Schist,1.35
INT-0659,BH-022,94.52,99.95,Pegmatite,2.59
INT-0660,BH-022,99.95,105.2,Schist,1.97
INT-0661,BH-022,105.2,109.17,Quartzite,3.94
INT-0662,BH-022,109.17,111.86,Quartzite,2.33
INT-0663,BH-022,111.86,119.74,Quartzite,1.09
INT-0664,BH-022,119.74,122.97,Quartzite,4.29
INT-0665,BH-022,122.97,130.11,Pegmatite,2.24
INT-0666,BH-022,130.11,136.24,Quartzite,3.34
INT-0667,BH-022,136.24,141.03,Schist,3.83
INT-0668,BH-022,141.03,147.78,Schist,2.4
INT-0669,BH-022,147.78,152.69,Pegmatite,0.53
INT-0670,BH-022,152.69,155.37,Schist,0.49
INT-0671,BH-023,0.0,4.25,Quartzite,4.45
INT-0672,BH-023,4.25,6.51,Pegmatite,1.15
INT-0673,BH-023,6.51,8.92,Schist,1.81
INT-0674,BH-023,8.92,13.02,Pegmatite,1.83
INT-0675,BH-023,13.02,17.26,Pegmatite,3.66
INT-0676,BH-023,17.26,19.66,Quartzite,2.71
INT-0677,BH-023,19.66,26.48,Schist,3.46
INT-0678,BH-023,26.48,32.76,Pegmatite,0.93
INT-0679,BH-023,32.76,39.26,Quartzite,1.31
INT-0680,BH-023,39.26,45.91,Schist,2.69
INT-0681,BH-023,45.91,50.75,Quartzite,3.26
INT-0682,BH-023,50.75,53.86,Quartzite,1.12
INT-0683,BH-023,53.86,58.9,Pegmatite,2.6
INT-0684,BH-023,58.9,63.56,Pegmatite,3.04
INT-0685,BH-023,63.56,69.71,Pegmatite,2.94
INT-0686,BH-023,69.71,74.88,Quartzite,3.19
INT-0687,BH-023,74.88,78.47,Pegmatite,3.54
INT-0688,BH-023,78.47,86.37,Schist,3.21
INT-0689,BH-023,86.37,88.56,Pegmatite,1.34
INT-0690,BH-023,88.56,95.51,Schist,3.07
INT-0691,BH-023,95.51,102.84,Pegmatite,4.07
INT-0692,BH-023,102.84,109.91,Pegmatite,3.69
INT-0693,BH-023,109.91,116.87,Pegmatite,4.21
INT-0694,BH-023,116.87,118.9,Pegmatite,1.24
INT-0695,BH-023,118.9,121.68,Pegmatite,1.75
INT-0696,BH-023,121.68,125.56,Quartzite,1.2
INT-0697,BH-023,125.56,131.3,Pegmatite,3.8
INT-0698,BH-023,131.3,137.05,Quartzite,1.93
INT-0699,BH-023,137.05,142.88,Pegmatite,2.1
INT-0700,BH-023,142.88,146.25,Pegmatite,3.93
INT-0701,BH-023,146.25,151.96,Pegmatite,1.11
INT-0702,BH-023,151.96,157.86,Quartzite,2.18
INT-0703,BH-023,157.86,165.56,Quartzite,3.1
INT-0704,BH-023,165.56,170.76,Quartzite,2.92
INT-0705,BH-024,0.0,4.48,Schist,2.16
INT-0706,BH-024,4.48,7.5,Schist,3.55
INT-0707,BH-024,7.5,14.53,Schist,3.15
INT-0708,BH-024,14.53,22.25,Quartzite,0.86
INT-0709,BH-024,22.25,29.78,Schist,3.38
INT-0710,BH-024,29.78,36.0,Quartzite,2.02
INT-0711,BH-024,36.0,43.29,Schist,3.03
INT-0712,BH-024,43.29,50.61,Pegmatite,3.37
INT-0713,BH-024,50.61,58.59,Quartzite,4.06
INT-0714,BH-024,58.59,63.38,Pegmatite,3.54
INT-0715,BH-024,63.38,67.99,Quartzite,3.08
INT-0716,BH-024,67.99,73.3,Schist,0.51
INT-0717,BH-024,73.3,78.11,Schist,4.25
INT-0718,BH-024,78.11,83.29,Quartzite,3.46
INT-0719,BH-024,83.29,86.96,Pegmatite,1.6
INT-0720,BH-024,86.96,89.74,Pegmatite,1.77
INT-0721,BH-024,89.74,97.59,Schist,3.68
INT-0722,BH-024,97.59,104.78,Pegmatite,1.37
INT-0723,BH-024,104.78,111.02,Schist,3.66
INT-0724,BH-024,111.02,116.05,Schist,1.54
INT-0725,BH-024,116.05,123.3,Quartzite,2.18
INT-0726,BH-024,123.3,125.64,Schist,2.17
INT-0727,BH-024,125.64,131.64,Quartzite,3.91
INT-0728,BH-024,131.64,138.68,Quartzite,3.49
INT-0729,BH-024,138.68,143.82,Quartzite,3.39
INT-0730,BH-024,143.82,150.85,Pegmatite,0.7
INT-0731,BH-024,150.85,157.04,Pegmatite,3.48
INT-0732,BH-024,157.04,164.75,Quartzite,2.39
INT-0733,BH-024,164.75,171.97,Schist,1.19
INT-0734,BH-024,171.97,177.94,Schist,0.77
INT-0735,BH-024,177.94,184.69,Pegmatite,0.99
INT-0736,BH-025,0.0,6.79,Pegmatite,4.04
INT-0737,BH-025,6.79,12.23,Quartzite,0.95
INT-0738,BH-025,12.23,15.54,Schist,2.44
INT-0739,BH-025,15.54,21.28,Schist,3.61
INT-0740,BH-025,21.28,24.19,Quartzite,2.58
INT-0741,BH-025,24.19,27.61,Pegmatite,0.37
INT-0742,BH-025,27.61,31.04,Pegmatite,2.74
INT-0743,BH-025,31.04,37.25,Pegmatite,2.3
INT-0744,BH-025,37.25,45.25,Schist,1.91
INT-0745,BH-025,45.25,47.43,Quartzite,0.4
INT-0746,BH-025,47.43,53.45,Schist,3.53
INT-0747,BH-025,53.45,57.12,Quartzite,2.08
INT-0748,BH-025,57.12,59.27,Schist,1.13
INT-0749,BH-025,59.27,65.91,Quartzite,2.82
INT-0750,BH-025,65.91,70.19,Schist,1.89
INT-0751,BH-025,70.19,76.83,Schist,3.11
INT-0752,BH-025,76.83,81.15,Schist,1.57
INT-0753,BH-025,81.15,83.68,Quartzite,1.21
INT-0754,BH-025,83.68,91.45,Pegmatite,0.38
INT-0755,BH-025,91.45,97.37,Schist,1.47
INT-0756,BH-025,97.37,100.02,Schist,1.39
INT-0757,BH-026,0.0,3.87,Pegmatite,0.81
INT-0758,BH-026,3.87,6.4,Quartzite,4.22
INT-0759,BH-026,6.4,13.97,Pegmatite,0.6
INT-0760,BH-026,13.97,16.87,Schist,2.13
INT-0761,BH-026,16.87,18.9,Schist,3.05
INT-0762,BH-026,18.9,24.37,Pegmatite,1.47
INT-0763,BH-026,24.37,31.08,Pegmatite,1.11
INT-0764,BH-026,31.08,35.49,Pegmatite,1.73
INT-0765,BH-026,35.49,39.28,Quartzite,2.09
INT-0766,BH-026,39.28,44.9,Quartzite,3.74
INT-0767,BH-026,44.9,47.6,Quartzite,2.32
INT-0768,BH-026,47.6,52.2,Quartzite,2.71
INT-0769,BH-026,52.2,54.47,Pegmatite,0.27
INT-0770,BH-026,54.47,61.71,Pegmatite,3.21
INT-0771,BH-026,61.71,69.37,Pegmatite,1.29
INT-0772,BH-026,69.37,71.82,Quartzite,0.71
INT-0773,BH-026,71.82,74.22,Schist,3.38
INT-0774,BH-026,74.22,79.41,Pegmatite,0.94
INT-0775,BH-026,79.41,87.04,Schist,2.02
INT-0776,BH-026,87.04,93.73,Pegmatite,0.82
INT-0777,BH-026,93.73,98.87,Schist,1.17
INT-0778,BH-026,98.87,104.34,Schist,4.06
INT-0779,BH-026,104.34,111.72,Schist,3.66
INT-0780,BH-026,111.72,114.23,Quartzite,1.74
INT-0781,BH-026,114.23,117.33,Quartzite,2.68
INT-0782,BH-026,117.33,120.98,Pegmatite,0.27
INT-0783,BH-026,120.98,125.5,Schist,0.34
INT-0784,BH-026,125.5,128.47,Schist,4.38
INT-0785,BH-026,128.47,130.88,Pegmatite,2.4
INT-0786,BH-026,130.88,137.04,Pegmatite,1.73
INT-0787,BH-026,137.04,144.04,Quartzite,2.08
INT-0788,BH-026,144.04,148.7,Quartzite,2.49
INT-0789,BH-026,148.7,152.0,Schist,0.98
INT-0790,BH-026,152.0,154.25,Quartzite,1.15
INT-0791,BH-026,154.25,156.82,Pegmatite,3.35
INT-0792,BH-026,156.82,164.14,Pegmatite,1.83
INT-0793,BH-026,164.14,166.69,Schist,2.48
INT-0794,BH-026,166.69,167.18,Pegmatite,4.04
INT-0795,BH-027,0.0,4.6,Pegmatite,2.28
INT-0796,BH-027,4.6,10.04,Pegmatite,2.61
INT-0797,BH-027,10.04,16.22,Pegmatite,1.9
INT-0798,BH-027,16.22,22.25,Schist,2.09
INT-0799,BH-027,22.25,27.97,Quartzite,4.46
INT-0800,BH-027,27.97,33.93,Quartzite,2.05
INT-0801,BH-027,33.93,36.32,Quartzite,1.16
INT-0802,BH-027,36.32,40.82,Schist,0.94
INT-0803,BH-027,40.82,48.21,Quartzite,3.17
INT-0804,BH-027,48.21,50.52,Pegmatite,2.79
INT-0805,BH-027,50.52,52.66,Quartzite,4.28
INT-0806,BH-027,52.66,56.34,Schist,4.18
INT-0807,BH-027,56.34,58.58,Quartzite,0.24
INT-0808,BH-027,58.58,66.26,Quartzite,3.59
INT-0809,BH-027,66.26,71.79,Quartzite,2.63
INT-0810,BH-027,71.79,77.0,Pegmatite,1.37
INT-0811,BH-027,77.0,82.3,Quartzite,3.78
INT-0812,BH-027,82.3,85.66,Quartzite,0.58
INT-0813,BH-027,85.66,87.96,Pegmatite,3.94
INT-0814,BH-027,87.96,94.47,Quartzite,3.94
INT-0815,BH-027,94.47,99.38,Pegmatite,2.48
INT-0816,BH-027,99.38,106.21,Pegmatite,4.12
INT-0817,BH-027,106.21,110.29,Schist,1.96
INT-0818,BH-027,110.29,112.5,Quartzite,1.65
INT-0819,BH-027,112.5,120.36,Schist,1.65
INT-0820,BH-027,120.36,123.03,Schist,1.23
INT-0821,BH-027,123.03,129.07,Schist,1.91
INT-0822,BH-027,129.07,133.23,Schist,0.35
INT-0823,BH-027,133.23,137.9,Pegmatite,4.45
INT-0824,BH-027,137.9,143.86,Quartzite,2.38
INT-0825,BH-027,143.86,150.47,Pegmatite,1.97
INT-0826,BH-027,150.47,155.86,Schist,0.3
INT-0827,BH-027,155.86,158.64,Quartzite,3.55
INT-0828,BH-027,158.64,160.88,Quartzite,2.32
INT-0829,BH-027,160.88,167.57,Pegmatite,1.29
INT-0830,BH-027,167.57,170.33,Schist,3.1
INT-0831,BH-027,170.33,176.39,Quartzite,4.26
INT-0832,BH-027,176.39,178.4,Schist,0.82
INT-0833,BH-027,178.4,186.06,Quartzite,2.89
INT-0834,BH-027,186.06,187.54,Quartzite,2.81
INT-0835,BH-028,0.0,4.79,Quartzite,2.88
INT-0836,BH-028,4.79,9.69,Schist,2.03
INT-0837,BH-028,9.69,13.47,Pegmatite,3.66
INT-0838,BH-028,13.47,19.02,Quartzite,0.31
INT-0839,BH-028,19.02,26.06,Schist,3.64
INT-0840,BH-028,26.06,33.17,Quartzite,1.46
INT-0841,BH-028,33.17,40.57,Manganese Gondite,41.87
INT-0842,BH-028,40.57,44.34,Pegmatite,0.55
INT-0843,BH-028,44.34,47.11,Manganese Gondite,28.87
INT-0844,BH-028,47.11,54.13,Schist,0.78
INT-0845,BH-028,54.13,61.64,Manganese Gondite,30.12
INT-0846,BH-028,61.64,68.32,Quartzite,0.26
INT-0847,BH-028,68.32,71.21,Quartzite,4.32
INT-0848,BH-028,71.21,73.72,Manganese Gondite,35.79
INT-0849,BH-028,73.72,77.16,Pegmatite,0.55
INT-0850,BH-028,77.16,81.59,Pegmatite,4.03
INT-0851,BH-028,81.59,86.45,Manganese Gondite,38.03
INT-0852,BH-028,86.45,92.62,Manganese Gondite,43.14
INT-0853,BH-028,92.62,98.06,Pegmatite,3.95
INT-0854,BH-028,98.06,103.78,Quartzite,1.42
INT-0855,BH-028,103.78,110.88,Schist,2.45
INT-0856,BH-028,110.88,114.55,Manganese Gondite,41.36
INT-0857,BH-028,114.55,119.39,Pegmatite,2.94
INT-0858,BH-028,119.39,124.38,Manganese Gondite,33.17
INT-0859,BH-028,124.38,131.77,Pegmatite,0.78
INT-0860,BH-028,131.77,139.22,Quartzite,3.21
INT-0861,BH-028,139.22,146.87,Quartzite,0.29
INT-0862,BH-028,146.87,153.47,Schist,1.5
INT-0863,BH-028,153.47,161.05,Pegmatite,2.15
INT-0864,BH-028,161.05,164.56,Pegmatite,1.57
INT-0865,BH-028,164.56,171.45,Quartzite,1.66
INT-0866,BH-028,171.45,177.4,Quartzite,0.66
INT-0867,BH-028,177.4,184.64,Schist,4.0
INT-0868,BH-028,184.64,190.6,Schist,2.99
INT-0869,BH-028,190.6,198.24,Schist,0.78
INT-0870,BH-028,198.24,201.81,Quartzite,0.68
INT-0871,BH-028,201.81,204.79,Schist,0.36
INT-0872,BH-028,204.79,208.08,Pegmatite,2.76
INT-0873,BH-028,208.08,210.04,Pegmatite,1.47
INT-0874,BH-029,0.0,7.22,Pegmatite,2.76
INT-0875,BH-029,7.22,13.75,Pegmatite,2.36
INT-0876,BH-029,13.75,20.5,Schist,1.75
INT-0877,BH-029,20.5,26.57,Pegmatite,3.96
INT-0878,BH-029,26.57,32.9,Schist,2.22
INT-0879,BH-029,32.9,34.96,Schist,2.27
INT-0880,BH-029,34.96,37.09,Quartzite,3.96
INT-0881,BH-029,37.09,42.49,Quartzite,2.09
INT-0882,BH-029,42.49,44.82,Pegmatite,1.01
INT-0883,BH-029,44.82,52.25,Pegmatite,1.05
INT-0884,BH-029,52.25,55.84,Schist,3.64
INT-0885,BH-029,55.84,61.63,Quartzite,2.12
INT-0886,BH-029,61.63,68.83,Pegmatite,2.8
INT-0887,BH-029,68.83,74.26,Quartzite,3.72
INT-0888,BH-029,74.26,77.96,Pegmatite,1.18
INT-0889,BH-029,77.96,82.61,Pegmatite,0.81
INT-0890,BH-029,82.61,88.2,Pegmatite,3.88
INT-0891,BH-029,88.2,91.82,Schist,0.82
INT-0892,BH-029,91.82,94.25,Pegmatite,2.44
INT-0893,BH-029,94.25,97.8,Quartzite,0.41
INT-0894,BH-029,97.8,100.91,Quartzite,2.98
INT-0895,BH-029,100.91,107.96,Quartzite,0.53
INT-0896,BH-029,107.96,110.7,Schist,1.26
INT-0897,BH-029,110.7,116.81,Pegmatite,0.4
INT-0898,BH-029,116.81,120.53,Pegmatite,0.22
INT-0899,BH-029,120.53,124.99,Pegmatite,1.98
INT-0900,BH-029,124.99,127.12,Quartzite,0.62
INT-0901,BH-029,127.12,133.49,Pegmatite,1.89
INT-0902,BH-029,133.49,136.56,Pegmatite,1.09
INT-0903,BH-029,136.56,140.55,Pegmatite,2.08
INT-0904,BH-029,140.55,147.61,Pegmatite,1.23
INT-0905,BH-029,147.61,150.96,Quartzite,2.91
INT-0906,BH-029,150.96,153.06,Pegmatite,1.64
INT-0907,BH-029,153.06,158.53,Pegmatite,2.44
INT-0908,BH-029,158.53,166.27,Pegmatite,0.8
INT-0909,BH-029,166.27,170.69,Pegmatite,2.64
INT-0910,BH-029,170.69,177.3,Quartzite,0.77
INT-0911,BH-029,177.3,184.58,Quartzite,4.46
INT-0912,BH-029,184.58,190.6,Pegmatite,3.21
INT-0913,BH-029,190.6,194.7,Pegmatite,0.89
INT-0914,BH-029,194.7,200.12,Schist,0.5
INT-0915,BH-029,200.12,203.03,Pegmatite,1.32
INT-0916,BH-030,0.0,3.57,Quartzite,0.46
INT-0917,BH-030,3.57,7.48,Quartzite,2.33
INT-0918,BH-030,7.48,9.62,Schist,0.65
INT-0919,BH-030,9.62,11.99,Pegmatite,2.89
INT-0920,BH-030,11.99,17.12,Schist,2.96
INT-0921,BH-030,17.12,19.85,Schist,4.03
INT-0922,BH-030,19.85,24.43,Schist,4.13
INT-0923,BH-030,24.43,28.04,Pegmatite,1.85
INT-0924,BH-030,28.04,33.58,Schist,2.85
INT-0925,BH-030,33.58,36.61,Schist,3.27
INT-0926,BH-030,36.61,40.77,Pegmatite,0.26
INT-0927,BH-030,40.77,47.56,Quartzite,0.29
INT-0928,BH-030,47.56,52.31,Pegmatite,3.05
INT-0929,BH-030,52.31,60.29,Schist,1.1
INT-0930,BH-030,60.29,64.21,Quartzite,0.79
INT-0931,BH-030,64.21,66.36,Quartzite,3.1
INT-0932,BH-030,66.36,72.92,Schist,3.13
INT-0933,BH-030,72.92,79.74,Quartzite,4.22
INT-0934,BH-030,79.74,86.34,Quartzite,0.85
INT-0935,BH-030,86.34,89.43,Quartzite,3.34
INT-0936,BH-030,89.43,94.46,Schist,0.83
INT-0937,BH-030,94.46,100.28,Schist,1.94
INT-0938,BH-030,100.28,106.98,Quartzite,1.79
INT-0939,BH-030,106.98,114.06,Quartzite,3.03
INT-0940,BH-030,114.06,120.79,Pegmatite,1.35
INT-0941,BH-030,120.79,126.39,Pegmatite,3.96
INT-0942,BH-030,126.39,133.53,Schist,1.38
INT-0943,BH-030,133.53,140.65,Schist,1.63
INT-0944,BH-030,140.65,145.71,Pegmatite,1.52
INT-0945,BH-030,145.71,147.74,Pegmatite,4.3
INT-0946,BH-030,147.74,148.34,Pegmatite,4.27
