id,mine_id,borehole_id,latitude,longitude,elevation,total_depth,start_date,end_date
BH-001,MINE-001,BH-001,21.547721,79.687736,328.3,163.81,2025-01-29,2025-02-03
BH-002,MINE-001,BH-002,21.528979,79.702251,315.51,179.56,2025-05-26,2025-05-31
BH-003,MINE-001,BH-003,21.530438,79.677859,325.65,150.44,2025-06-04,2025-06-09
BH-004,MINE-001,BH-004,21.547961,79.703958,311.45,135.23,2025-01-20,2025-01-25
BH-005,MINE-001,BH-005,21.535138,79.699299,328.01,88.73,2025-01-27,2025-02-01
BH-006,MINE-001,BH-006,21.544455,79.693734,313.49,191.34,2025-02-06,2025-02-11
BH-007,MINE-001,BH-007,21.530092,79.701253,310.86,196.29,2025-03-04,2025-03-09
BH-008,MINE-001,BH-008,21.531247,79.67845,330.95,112.28,2025-05-30,2025-06-04
BH-009,MINE-001,BH-009,21.531985,79.706414,321.28,102.91,2025-05-24,2025-05-29
BH-010,MINE-001,BH-010,21.545354,79.681286,315.48,216.62,2025-03-02,2025-03-07
BH-011,MINE-001,BH-011,21.52419,79.682337,325.43,153.23,2025-05-01,2025-05-06
BH-012,MINE-001,BH-012,21.52834,79.700201,312.02,136.42,2025-02-01,2025-02-06
BH-013,MINE-001,BH-013,21.539009,79.679452,329.11,117.11,2025-01-04,2025-01-09
BH-014,MINE-001,BH-014,21.52367,79.695595,327.39,184.43,2025-06-26,2025-07-01
BH-015,MINE-001,BH-015,21.522729,79.702206,328.49,124.75,2025-06-27,2025-07-02
BH-016,MINE-001,BH-016,21.538965,79.6937,316.31,110.83,2025-03-29,2025-04-03
BH-017,MINE-001,BH-017,21.538336,79.681655,328.52,154.2,2025-05-30,2025-06-04
BH-018,MINE-001,BH-018,21.533958,79.699139,317.56,148.8,2025-04-05,2025-04-10
BH-019,MINE-001,BH-019,21.533368,79.696221,332.0,110.2,2025-05-03,2025-05-08
BH-020,MINE-001,BH-020,21.524609,79.692906,321.46,158.52,2025-06-05,2025-06-10
BH-021,MINE-001,BH-021,21.530278,79.691767,333.32,195.85,2025-05-06,2025-05-11
BH-022,MINE-001,BH-022,21.546823,79.687633,324.61,155.37,2025-02-18,2025-02-23
BH-023,MINE-001,BH-023,21.548242,79.692753,311.66,170.76,2025-01-14,2025-01-19
BH-024,MINE-001,BH-024,21.521294,79.705727,323.87,184.69,2025-05-26,2025-05-31
BH-025,MINE-001,BH-025,21.548298,79.704314,324.28,100.02,2025-03-09,2025-03-14
BH-026,MINE-001,BH-026,21.540681,79.676809,327.66,167.18,2025-06-28,2025-07-03
BH-027,MINE-001,BH-027,21.526314,79.704795,312.69,187.54,2025-04-01,2025-04-06
BH-028,MINE-001,BH-028,21.52944,79.698525,321.96,210.04,2025-03-01,2025-03-06
BH-029,MINE-001,BH-029,21.523651,79.694283,314.3,203.03,2025-04-11,2025-04-16
BH-030,MINE-001,BH-030,21.541251,79.700387,325.25,148.34,2025-01-24,2025-01-29
