id,mine_id,date,rainfall_mm,soil_moisture,ndvi,land_surface_temp_c,sar_coherence
ENV-0001,MINE-001,2025-10-01,0.0,0.22,0.442,25.7,0.823
ENV-0002,MINE-001,2025-10-02,0.0,0.22,0.461,25.6,0.763
ENV-0003,MINE-001,2025-10-03,7.3,0.318,0.43,23.2,0.712
ENV-0004,MINE-001,2025-10-04,0.0,0.192,0.434,23.8,0.797
ENV-0005,MINE-001,2025-10-05,6.8,0.371,0.474,22.8,0.693
ENV-0006,MINE-001,2025-10-06,0.0,0.235,0.453,22.3,0.788
ENV-0007,MINE-001,2025-10-07,0.3,0.211,0.471,23.5,0.828
ENV-0008,MINE-001,2025-10-08,0.0,0.185,0.467,24.9,0.822
ENV-0009,MINE-001,2025-10-09,0.0,0.154,0.471,25.6,0.784
ENV-0010,MINE-001,2025-10-10,0.0,0.228,0.479,26.4,0.798
ENV-0011,MINE-001,2025-10-11,0.0,0.236,0.47,24.7,0.836
ENV-0012,MINE-001,2025-10-12,0.0,0.193,0.461,23.5,0.786
ENV-0013,MINE-001,2025-10-13,4.0,0.284,0.511,24.0,0.771
ENV-0014,MINE-001,2025-10-14,0.0,0.157,0.519,23.4,0.832
ENV-0015,MINE-001,2025-10-15,0.0,0.194,0.497,23.6,0.762
ENV-0016,MINE-001,2025-10-16,0.0,0.238,0.528,25.8,0.795
ENV-0017,MINE-001,2025-10-17,0.0,0.224,0.513,23.5,0.805
ENV-0018,MINE-001,2025-10-18,0.0,0.246,0.535,24.3,0.754
ENV-0019,MINE-001,2025-10-19,0.5,0.236,0.488,26.9,0.782
ENV-0020,MINE-001,2025-10-20,0.0,0.233,0.526,26.8,0.832
ENV-0021,MINE-001,2025-10-21,2.9,0.29,0.529,25.3,0.738
ENV-0022,MINE-001,2025-10-22,2.6,0.255,0.536,26.0,0.737
ENV-0023,MINE-001,2025-10-23,0.0,0.218,0.496,26.0,0.782
ENV-0024,MINE-001,2025-10-24,0.0,0.165,0.515,23.7,0.841
ENV-0025,MINE-001,2025-10-25,0.0,0.181,0.556,24.1,0.847
ENV-0026,MINE-001,2025-10-26,0.0,0.17,0.557,24.0,0.75
ENV-0027,MINE-001,2025-10-27,0.0,0.155,0.526,25.6,0.772
ENV-0028,MINE-001,2025-10-28,0.0,0.242,0.543,24.9,0.793
ENV-0029,MINE-001,2025-10-29,0.0,0.244,0.55,26.7,0.831
ENV-0030,MINE-001,2025-10-30,0.0,0.195,0.561,25.3,0.813
ENV-0031,MINE-001,2025-10-31,0.0,0.17,0.536,26.9,0.798
ENV-0032,MINE-001,2025-11-01,2.3,0.258,0.563,26.7,0.772
ENV-0033,MINE-001,2025-11-02,0.0,0.234,0.558,24.7,0.823
ENV-0034,MINE-001,2025-11-03,0.0,0.157,0.582,24.7,0.783
ENV-0035,MINE-001,2025-11-04,0.0,0.171,0.582,24.6,0.786
ENV-0036,MINE-001,2025-11-05,0.0,0.162,0.542,25.5,0.802
ENV-0037,MINE-001,2025-11-06,0.0,0.243,0.581,25.7,0.777
ENV-0038,MINE-001,2025-11-07,0.0,0.203,0.573,27.0,0.767
ENV-0039,MINE-001,2025-11-08,3.9,0.32,0.588,27.1,0.72
ENV-0040,MINE-001,2025-11-09,0.0,0.183,0.576,25.6,0.831
ENV-0041,MINE-001,2025-11-10,0.0,0.239,0.571,26.1,0.822
ENV-0042,MINE-001,2025-11-11,0.0,0.155,0.587,25.3,0.782
ENV-0043,MINE-001,2025-11-12,0.0,0.178,0.58,27.0,0.828
ENV-0044,MINE-001,2025-11-13,0.0,0.208,0.562,25.4,0.755
ENV-0045,MINE-001,2025-11-14,0.0,0.16,0.581,27.8,0.836
ENV-0046,MINE-001,2025-11-15,0.8,0.206,0.62,28.9,0.796
ENV-0047,MINE-001,2025-11-16,0.0,0.198,0.608,26.7,0.782
ENV-0048,MINE-001,2025-11-17,0.0,0.16,0.61,29.3,0.824
ENV-0049,MINE-001,2025-11-18,0.0,0.151,0.591,29.2,0.785
ENV-0050,MINE-001,2025-11-19,0.0,0.163,0.588,26.7,0.841
ENV-0051,MINE-001,2025-11-20,0.0,0.168,0.617,27.9,0.773
ENV-0052,MINE-001,2025-11-21,0.0,0.245,0.595,30.1,0.834
ENV-0053,MINE-001,2025-11-22,0.3,0.21,0.631,27.8,0.829
ENV-0054,MINE-001,2025-11-23,1.0,0.203,0.62,29.5,0.83
ENV-0055,MINE-001,2025-11-24,0.0,0.156,0.604,27.7,0.78
ENV-0056,MINE-001,2025-11-25,0.0,0.235,0.627,28.8,0.815
ENV-0057,MINE-001,2025-11-26,0.0,0.163,0.599,28.0,0.842
ENV-0058,MINE-001,2025-11-27,0.0,0.245,0.638,29.2,0.817
ENV-0059,MINE-001,2025-11-28,0.0,0.176,0.644,27.6,0.83
ENV-0060,MINE-001,2025-11-29,1.9,0.224,0.622,30.0,0.771
ENV-0061,MINE-001,2025-11-30,0.0,0.226,0.633,30.8,0.85
ENV-0062,MINE-001,2025-12-01,0.0,0.234,0.633,29.9,0.768
ENV-0063,MINE-001,2025-12-02,0.7,0.165,0.6,29.1,0.823
ENV-0064,MINE-001,2025-12-03,0.0,0.175,0.618,30.5,0.802
ENV-0065,MINE-001,2025-12-04,0.0,0.227,0.607,29.7,0.811
ENV-0066,MINE-001,2025-12-05,0.9,0.219,0.655,31.1,0.787
ENV-0067,MINE-001,2025-12-06,0.5,0.218,0.619,29.2,0.784
ENV-0068,MINE-001,2025-12-07,0.0,0.18,0.661,32.0,0.783
ENV-0069,MINE-001,2025-12-08,0.0,0.231,0.661,28.7,0.766
ENV-0070,MINE-001,2025-12-09,0.0,0.25,0.623,30.6,0.803
ENV-0071,MINE-001,2025-12-10,0.2,0.181,0.613,29.8,0.757
ENV-0072,MINE-001,2025-12-11,0.0,0.184,0.65,29.5,0.825
ENV-0073,MINE-001,2025-12-12,0.2,0.225,0.649,32.4,0.772
ENV-0074,MINE-001,2025-12-13,0.0,0.162,0.646,31.2,0.801
ENV-0075,MINE-001,2025-12-14,0.0,0.239,0.621,29.9,0.777
ENV-0076,MINE-001,2025-12-15,0.0,0.245,0.655,29.3,0.826
ENV-0077,MINE-001,2025-12-16,0.0,0.15,0.664,31.0,0.8
ENV-0078,MINE-001,2025-12-17,1.6,0.213,0.67,32.3,0.742
ENV-0079,MINE-001,2025-12-18,0.0,0.175,0.668,30.1,0.822
ENV-0080,MINE-001,2025-12-19,9.3,0.416,0.63,30.1,0.665
ENV-0081,MINE-001,2025-12-20,0.0,0.236,0.667,31.4,0.819
ENV-0082,MINE-001,2025-12-21,1.8,0.2,0.669,33.4,0.826
ENV-0083,MINE-001,2025-12-22,0.0,0.242,0.627,33.3,0.807
ENV-0084,MINE-001,2025-12-23,2.5,0.263,0.649,30.6,0.742
ENV-0085,MINE-001,2025-12-24,0.0,0.2,0.638,31.6,0.796
ENV-0086,MINE-001,2025-12-25,3.0,0.254,0.621,32.7,0.789
ENV-0087,MINE-001,2025-12-26,0.0,0.232,0.624,34.3,0.8
ENV-0088,MINE-001,2025-12-27,0.0,0.199,0.651,33.6,0.777
ENV-0089,MINE-001,2025-12-28,0.0,0.155,0.635,31.6,0.776
ENV-0090,MINE-001,2025-12-29,0.0,0.161,0.664,32.3,0.814
ENV-0091,MINE-001,2025-12-30,0.0,0.178,0.676,31.5,0.82
ENV-0092,MINE-001,2025-12-31,2.2,0.248,0.635,34.6,0.798
ENV-0093,MINE-001,2026-01-01,0.0,0.156,0.656,34.9,0.836
ENV-0094,MINE-001,2026-01-02,0.0,0.241,0.679,34.4,0.832
ENV-0095,MINE-001,2026-01-03,0.0,0.216,0.622,34.3,0.837
ENV-0096,MINE-001,2026-01-04,0.0,0.232,0.634,33.7,0.834
ENV-0097,MINE-001,2026-01-05,0.0,0.169,0.625,35.8,0.832
ENV-0098,MINE-001,2026-01-06,0.0,0.169,0.63,32.5,0.809
ENV-0099,MINE-001,2026-01-07,0.0,0.185,0.654,33.5,0.753
ENV-0100,MINE-001,2026-01-08,0.0,0.171,0.639,33.1,0.763
ENV-0101,MINE-001,2026-01-09,0.0,0.183,0.654,34.0,0.828
ENV-0102,MINE-001,2026-01-10,0.0,0.245,0.635,32.9,0.793
ENV-0103,MINE-001,2026-01-11,0.0,0.229,0.663,33.8,0.812
ENV-0104,MINE-001,2026-01-12,0.0,0.215,0.63,33.7,0.818
ENV-0105,MINE-001,2026-01-13,0.0,0.195,0.639,37.2,0.779
ENV-0106,MINE-001,2026-01-14,0.9,0.258,0.62,36.0,0.829
ENV-0107,MINE-001,2026-01-15,0.0,0.18,0.619,34.0,0.76
ENV-0108,MINE-001,2026-01-16,0.0,0.167,0.668,36.9,0.785
ENV-0109,MINE-001,2026-01-17,0.0,0.218,0.649,34.8,0.754
ENV-0110,MINE-001,2026-01-18,0.0,0.197,0.652,34.7,0.763
ENV-0111,MINE-001,2026-01-19,0.0,0.236,0.659,35.7,0.799
ENV-0112,MINE-001,2026-01-20,0.0,0.238,0.625,34.1,0.766
ENV-0113,MINE-001,2026-01-21,0.0,0.165,0.657,35.1,0.815
ENV-0114,MINE-001,2026-01-22,22.0,0.611,0.622,37.0,0.572
ENV-0115,MINE-001,2026-01-23,0.0,0.164,0.663,38.3,0.766
ENV-0116,MINE-001,2026-01-24,0.0,0.167,0.662,37.8,0.778
ENV-0117,MINE-001,2026-01-25,0.0,0.181,0.631,34.9,0.811
ENV-0118,MINE-001,2026-01-26,0.0,0.208,0.618,34.9,0.813
ENV-0119,MINE-001,2026-01-27,0.0,0.21,0.637,36.5,0.764
ENV-0120,MINE-001,2026-01-28,0.0,0.238,0.655,35.8,0.822
ENV-0121,MINE-001,2026-01-29,0.0,0.219,0.652,37.6,0.794
ENV-0122,MINE-001,2026-01-30,1.4,0.196,0.615,37.0,0.739
ENV-0123,MINE-001,2026-01-31,0.0,0.153,0.625,35.5,0.82
ENV-0124,MINE-001,2026-02-01,0.0,0.163,0.608,38.9,0.84
ENV-0125,MINE-001,2026-02-02,0.0,0.175,0.639,37.4,0.799
ENV-0126,MINE-001,2026-02-03,0.0,0.243,0.614,36.3,0.78
ENV-0127,MINE-001,2026-02-04,8.1,0.405,0.592,37.2,0.652
ENV-0128,MINE-001,2026-02-05,0.0,0.228,0.623,38.3,0.839
ENV-0129,MINE-001,2026-02-06,0.0,0.249,0.604,38.8,0.818
ENV-0130,MINE-001,2026-02-07,0.0,0.152,0.632,39.8,0.784
ENV-0131,MINE-001,2026-02-08,0.0,0.154,0.614,37.3,0.787
ENV-0132,MINE-001,2026-02-09,0.0,0.227,0.604,39.8,0.841
ENV-0133,MINE-001,2026-02-10,4.7,0.264,0.621,39.6,0.72
ENV-0134,MINE-001,2026-02-11,0.0,0.232,0.571,38.5,0.796
ENV-0135,MINE-001,2026-02-12,0.0,0.165,0.607,37.1,0.837
ENV-0136,MINE-001,2026-02-13,0.0,0.213,0.581,39.7,0.832
ENV-0137,MINE-001,2026-02-14,0.0,0.217,0.612,37.6,0.78
ENV-0138,MINE-001,2026-02-15,0.0,0.195,0.567,36.7,0.812
ENV-0139,MINE-001,2026-02-16,0.0,0.16,0.575,38.0,0.826
ENV-0140,MINE-001,2026-02-17,0.0,0.226,0.562,38.8,0.831
ENV-0141,MINE-001,2026-02-18,2.3,0.235,0.604,38.8,0.768
ENV-0142,MINE-001,2026-02-19,0.0,0.199,0.585,37.9,0.829
ENV-0143,MINE-001,2026-02-20,0.0,0.228,0.558,38.8,0.771
ENV-0144,MINE-001,2026-02-21,0.0,0.217,0.565,38.2,0.768
ENV-0145,MINE-001,2026-02-22,0.0,0.158,0.582,38.1,0.799
ENV-0146,MINE-001,2026-02-23,0.0,0.222,0.559,40.8,0.763
ENV-0147,MINE-001,2026-02-24,0.0,0.17,0.594,41.2,0.788
ENV-0148,MINE-001,2026-02-25,0.0,0.249,0.55,40.0,0.755
ENV-0149,MINE-001,2026-02-26,0.0,0.188,0.577,39.5,0.758
ENV-0150,MINE-001,2026-02-27,0.0,0.161,0.581,40.6,0.767
ENV-0151,MINE-001,2026-02-28,0.0,0.245,0.56,39.6,0.755
ENV-0152,MINE-001,2026-03-01,0.0,0.223,0.576,37.8,0.795
ENV-0153,MINE-001,2026-03-02,0.0,0.18,0.547,38.7,0.787
ENV-0154,MINE-001,2026-03-03,0.0,0.201,0.546,38.1,0.789
ENV-0155,MINE-001,2026-03-04,0.0,0.25,0.514,40.2,0.764
ENV-0156,MINE-001,2026-03-05,0.0,0.245,0.526,39.0,0.79
ENV-0157,MINE-001,2026-03-06,0.0,0.19,0.528,40.8,0.83
ENV-0158,MINE-001,2026-03-07,1.4,0.183,0.515,41.6,0.74
ENV-0159,MINE-001,2026-03-08,0.0,0.15,0.531,39.3,0.847
ENV-0160,MINE-001,2026-03-09,0.0,0.172,0.511,40.7,0.8
ENV-0161,MINE-001,2026-03-10,0.0,0.196,0.505,39.2,0.752
ENV-0162,MINE-001,2026-03-11,0.7,0.176,0.543,38.5,0.839
ENV-0163,MINE-001,2026-03-12,0.3,0.186,0.527,39.3,0.839
ENV-0164,MINE-001,2026-03-13,2.3,0.276,0.516,38.2,0.76
ENV-0165,MINE-001,2026-03-14,0.0,0.164,0.505,41.7,0.782
ENV-0166,MINE-001,2026-03-15,0.0,0.181,0.525,39.7,0.799
ENV-0167,MINE-001,2026-03-16,0.0,0.21,0.526,41.5,0.798
ENV-0168,MINE-001,2026-03-17,0.0,0.181,0.477,40.7,0.821
ENV-0169,MINE-001,2026-03-18,1.6,0.229,0.472,38.1,0.802
ENV-0170,MINE-001,2026-03-19,3.3,0.227,0.505,40.5,0.789
ENV-0171,MINE-001,2026-03-20,0.0,0.22,0.478,42.0,0.768
ENV-0172,MINE-001,2026-03-21,3.4,0.224,0.486,39.0,0.754
ENV-0173,MINE-001,2026-03-22,0.0,0.242,0.492,38.8,0.811
ENV-0174,MINE-001,2026-03-23,0.2,0.165,0.462,40.8,0.812
ENV-0175,MINE-001,2026-03-24,0.0,0.249,0.464,41.3,0.793
ENV-0176,MINE-001,2026-03-25,0.0,0.194,0.496,40.7,0.838
ENV-0177,MINE-001,2026-03-26,0.0,0.239,0.461,39.2,0.801
ENV-0178,MINE-001,2026-03-27,4.5,0.314,0.486,39.0,0.782
ENV-0179,MINE-001,2026-03-28,4.4,0.265,0.47,40.8,0.789
ENV-0180,MINE-001,2026-03-29,0.0,0.161,0.439,40.0,0.777
ENV-0181,MINE-001,2026-03-30,0.0,0.21,0.46,41.8,0.798
ENV-0182,MINE-001,2026-03-31,0.0,0.156,0.467,38.8,0.819
ENV-0183,MINE-001,2026-04-01,8.9,0.377,0.463,41.3,0.674
ENV-0184,MINE-001,2026-04-02,0.0,0.23,0.45,40.4,0.825
ENV-0185,MINE-001,2026-04-03,0.0,0.191,0.472,38.3,0.777
ENV-0186,MINE-001,2026-04-04,0.0,0.221,0.425,39.3,0.794
ENV-0187,MINE-001,2026-04-05,0.0,0.202,0.465,40.2,0.848
ENV-0188,MINE-001,2026-04-06,0.0,0.204,0.448,40.2,0.797
ENV-0189,MINE-001,2026-04-07,3.9,0.302,0.405,39.1,0.787
ENV-0190,MINE-001,2026-04-08,1.8,0.247,0.408,40.8,0.824
ENV-0191,MINE-001,2026-04-09,0.0,0.224,0.438,38.8,0.798
ENV-0192,MINE-001,2026-04-10,0.0,0.211,0.414,40.2,0.769
ENV-0193,MINE-001,2026-04-11,0.0,0.151,0.391,41.0,0.758
ENV-0194,MINE-001,2026-04-12,0.0,0.197,0.386,38.2,0.829
ENV-0195,MINE-001,2026-04-13,0.0,0.235,0.425,38.5,0.762
ENV-0196,MINE-001,2026-04-14,0.0,0.187,0.425,39.4,0.762
ENV-0197,MINE-001,2026-04-15,0.0,0.211,0.376,40.0,0.803
ENV-0198,MINE-001,2026-04-16,0.0,0.202,0.409,40.3,0.827
ENV-0199,MINE-001,2026-04-17,0.0,0.185,0.411,38.9,0.832
ENV-0200,MINE-001,2026-04-18,0.0,0.226,0.411,39.1,0.839
ENV-0201,MINE-001,2026-04-19,6.8,0.355,0.411,37.4,0.751
ENV-0202,MINE-001,2026-04-20,0.0,0.182,0.364,38.1,0.807
ENV-0203,MINE-001,2026-04-21,0.0,0.243,0.377,40.1,0.778
ENV-0204,MINE-001,2026-04-22,0.0,0.237,0.352,37.9,0.838
ENV-0205,MINE-001,2026-04-23,0.0,0.204,0.351,39.9,0.772
ENV-0206,MINE-001,2026-04-24,0.0,0.207,0.388,38.2,0.78
ENV-0207,MINE-001,2026-04-25,2.4,0.264,0.394,37.0,0.743
ENV-0208,MINE-001,2026-04-26,0.0,0.194,0.351,37.7,0.827
ENV-0209,MINE-001,2026-04-27,0.0,0.152,0.367,39.9,0.797
ENV-0210,MINE-001,2026-04-28,0.0,0.174,0.387,37.0,0.761
ENV-0211,MINE-001,2026-04-29,0.0,0.249,0.369,36.6,0.849
ENV-0212,MINE-001,2026-04-30,1.9,0.194,0.361,38.6,0.733
ENV-0213,MINE-001,2026-05-01,0.0,0.202,0.358,37.1,0.779
ENV-0214,MINE-001,2026-05-02,0.5,0.162,0.338,38.4,0.758
ENV-0215,MINE-001,2026-05-03,0.0,0.244,0.368,38.2,0.791
ENV-0216,MINE-001,2026-05-04,0.0,0.208,0.351,37.3,0.804
ENV-0217,MINE-001,2026-05-05,5.2,0.31,0.321,36.1,0.69
ENV-0218,MINE-001,2026-05-06,0.0,0.248,0.365,36.5,0.831
ENV-0219,MINE-001,2026-05-07,0.0,0.191,0.36,35.9,0.801
ENV-0220,MINE-001,2026-05-08,0.0,0.166,0.36,39.1,0.767
ENV-0221,MINE-001,2026-05-09,0.0,0.173,0.355,39.0,0.828
ENV-0222,MINE-001,2026-05-10,3.0,0.217,0.351,39.0,0.72
ENV-0223,MINE-001,2026-05-11,0.0,0.168,0.328,38.9,0.8
ENV-0224,MINE-001,2026-05-12,0.0,0.177,0.337,35.8,0.782
ENV-0225,MINE-001,2026-05-13,0.7,0.2,0.297,36.9,0.787
ENV-0226,MINE-001,2026-05-14,4.9,0.248,0.305,36.5,0.712
ENV-0227,MINE-001,2026-05-15,0.0,0.192,0.342,35.5,0.772
ENV-0228,MINE-001,2026-05-16,0.0,0.191,0.337,34.8,0.771
ENV-0229,MINE-001,2026-05-17,0.0,0.19,0.317,37.2,0.814
ENV-0230,MINE-001,2026-05-18,0.0,0.231,0.328,37.0,0.755
ENV-0231,MINE-001,2026-05-19,0.0,0.173,0.326,34.3,0.825
ENV-0232,MINE-001,2026-05-20,0.0,0.22,0.328,36.2,0.79
ENV-0233,MINE-001,2026-05-21,5.7,0.305,0.275,34.3,0.736
ENV-0234,MINE-001,2026-05-22,0.0,0.185,0.274,36.6,0.801
ENV-0235,MINE-001,2026-05-23,0.0,0.197,0.317,33.9,0.83
ENV-0236,MINE-001,2026-05-24,1.3,0.238,0.264,34.4,0.817
ENV-0237,MINE-001,2026-05-25,0.0,0.203,0.26,34.5,0.771
ENV-0238,MINE-001,2026-05-26,0.0,0.237,0.272,33.7,0.786
ENV-0239,MINE-001,2026-05-27,0.0,0.19,0.261,36.2,0.812
ENV-0240,MINE-001,2026-05-28,17.2,0.509,0.306,34.2,0.594
ENV-0241,MINE-001,2026-05-29,0.0,0.152,0.264,34.9,0.838
ENV-0242,MINE-001,2026-05-30,0.0,0.19,0.278,32.9,0.778
ENV-0243,MINE-001,2026-05-31,0.0,0.184,0.272,33.7,0.842
ENV-0244,MINE-001,2026-06-01,24.3,0.692,0.291,33.9,0.523
ENV-0245,MINE-001,2026-06-02,8.9,0.337,0.25,36.2,0.708
ENV-0246,MINE-001,2026-06-03,0.0,0.174,0.297,32.4,0.77
ENV-0247,MINE-001,2026-06-04,0.0,0.157,0.243,33.2,0.838
ENV-0248,MINE-001,2026-06-05,9.5,0.341,0.282,32.5,0.709
ENV-0249,MINE-001,2026-06-06,2.1,0.269,0.243,33.9,0.741
ENV-0250,MINE-001,2026-06-07,0.1,0.244,0.249,35.7,0.822
ENV-0251,MINE-001,2026-06-08,30.5,0.835,0.249,33.4,0.431
ENV-0252,MINE-001,2026-06-09,20.9,0.641,0.259,34.1,0.559
ENV-0253,MINE-001,2026-06-10,0.0,0.24,0.282,32.8,0.831
ENV-0254,MINE-001,2026-06-11,15.3,0.474,0.241,32.3,0.65
ENV-0255,MINE-001,2026-06-12,39.8,1.0,0.247,32.0,0.299
ENV-0256,MINE-001,2026-06-13,0.0,0.242,0.247,33.0,0.794
ENV-0257,MINE-001,2026-06-14,0.0,0.201,0.238,33.3,0.807
ENV-0258,MINE-001,2026-06-15,54.1,1.0,0.279,31.2,0.168
ENV-0259,MINE-001,2026-06-16,11.0,0.384,0.269,31.2,0.688
ENV-0260,MINE-001,2026-06-17,0.0,0.182,0.252,33.8,0.843
ENV-0261,MINE-001,2026-06-18,0.0,0.248,0.284,34.0,0.829
ENV-0262,MINE-001,2026-06-19,2.0,0.195,0.251,31.9,0.815
ENV-0263,MINE-001,2026-06-20,117.7,1.0,0.227,30.4,0.1
ENV-0264,MINE-001,2026-06-21,78.4,1.0,0.227,32.5,0.1
ENV-0265,MINE-001,2026-06-22,81.3,1.0,0.26,30.9,0.1
ENV-0266,MINE-001,2026-06-23,0.0,0.151,0.262,33.5,0.811
ENV-0267,MINE-001,2026-06-24,6.4,0.339,0.246,30.3,0.751
ENV-0268,MINE-001,2026-06-25,19.4,0.557,0.225,29.7,0.607
ENV-0269,MINE-001,2026-06-26,12.1,0.461,0.25,31.3,0.626
ENV-0270,MINE-001,2026-06-27,1.0,0.22,0.253,29.7,0.814
ENV-0271,MINE-001,2026-06-28,0.0,0.238,0.263,30.7,0.804
ENV-0272,MINE-001,2026-06-29,17.6,0.532,0.246,30.0,0.556
ENV-0273,MINE-001,2026-06-30,0.0,0.218,0.261,30.7,0.828
ENV-0274,MINE-001,2026-07-01,0.6,0.197,0.263,28.8,0.761
ENV-0275,MINE-001,2026-07-02,0.0,0.219,0.238,30.9,0.765
ENV-0276,MINE-001,2026-07-03,9.7,0.351,0.225,30.0,0.664
ENV-0277,MINE-001,2026-07-04,47.9,1.0,0.232,28.6,0.213
ENV-0278,MINE-001,2026-07-05,0.0,0.239,0.263,28.8,0.768
ENV-0279,MINE-001,2026-07-06,17.6,0.588,0.221,28.0,0.621
ENV-0280,MINE-001,2026-07-07,4.4,0.321,0.233,31.3,0.741
ENV-0281,MINE-001,2026-07-08,6.1,0.298,0.25,29.1,0.765
ENV-0282,MINE-001,2026-07-09,22.9,0.641,0.271,27.6,0.551
ENV-0283,MINE-001,2026-07-10,26.4,0.679,0.275,29.1,0.454
ENV-0284,MINE-001,2026-07-11,39.5,0.951,0.247,28.5,0.313
ENV-0285,MINE-001,2026-07-12,12.5,0.451,0.282,28.2,0.673
ENV-0286,MINE-001,2026-07-13,4.9,0.27,0.254,30.8,0.766
ENV-0287,MINE-001,2026-07-14,0.0,0.187,0.255,29.1,0.823
ENV-0288,MINE-001,2026-07-15,7.2,0.302,0.233,27.6,0.71
ENV-0289,MINE-001,2026-07-16,10.4,0.398,0.25,27.3,0.626
ENV-0290,MINE-001,2026-07-17,16.7,0.57,0.259,27.5,0.609
ENV-0291,MINE-001,2026-07-18,41.4,0.981,0.266,27.7,0.262
ENV-0292,MINE-001,2026-07-19,2.4,0.293,0.267,29.0,0.75
ENV-0293,MINE-001,2026-07-20,26.7,0.723,0.23,26.6,0.47
ENV-0294,MINE-001,2026-07-21,0.0,0.169,0.282,28.8,0.839
ENV-0295,MINE-001,2026-07-22,0.0,0.151,0.292,27.0,0.817
ENV-0296,MINE-001,2026-07-23,39.3,0.996,0.252,29.3,0.343
ENV-0297,MINE-001,2026-07-24,13.8,0.512,0.269,26.2,0.647
ENV-0298,MINE-001,2026-07-25,33.3,0.865,0.273,26.8,0.432
ENV-0299,MINE-001,2026-07-26,0.0,0.186,0.251,28.4,0.814
ENV-0300,MINE-001,2026-07-27,0.0,0.239,0.273,28.5,0.831
ENV-0301,MINE-001,2026-07-28,0.0,0.182,0.281,25.3,0.823
ENV-0302,MINE-001,2026-07-29,8.3,0.343,0.298,25.7,0.704
ENV-0303,MINE-001,2026-07-30,7.6,0.319,0.281,27.8,0.712
ENV-0304,MINE-001,2026-07-31,10.1,0.38,0.305,27.8,0.688
ENV-0305,MINE-001,2026-08-01,0.0,0.187,0.262,26.5,0.757
ENV-0306,MINE-001,2026-08-02,19.4,0.631,0.249,27.6,0.598
ENV-0307,MINE-001,2026-08-03,4.8,0.342,0.274,25.9,0.777
ENV-0308,MINE-001,2026-08-04,109.9,1.0,0.279,24.6,0.1
ENV-0309,MINE-001,2026-08-05,20.0,0.617,0.312,26.7,0.556
ENV-0310,MINE-001,2026-08-06,0.0,0.188,0.263,27.1,0.8
ENV-0311,MINE-001,2026-08-07,23.9,0.703,0.285,27.9,0.514
ENV-0312,MINE-001,2026-08-08,45.9,1.0,0.301,25.6,0.203
ENV-0313,MINE-001,2026-08-09,5.5,0.275,0.314,26.7,0.7
ENV-0314,MINE-001,2026-08-10,0.0,0.152,0.278,24.1,0.76
ENV-0315,MINE-001,2026-08-11,7.0,0.384,0.322,26.0,0.698
ENV-0316,MINE-001,2026-08-12,69.2,1.0,0.303,24.1,0.1
ENV-0317,MINE-001,2026-08-13,0.0,0.241,0.322,25.5,0.791
ENV-0318,MINE-001,2026-08-14,6.2,0.361,0.276,27.2,0.684
ENV-0319,MINE-001,2026-08-15,17.2,0.508,0.311,25.1,0.601
ENV-0320,MINE-001,2026-08-16,5.2,0.289,0.3,23.4,0.769
ENV-0321,MINE-001,2026-08-17,18.4,0.572,0.321,24.8,0.585
ENV-0322,MINE-001,2026-08-18,11.6,0.476,0.313,25.5,0.688
ENV-0323,MINE-001,2026-08-19,9.4,0.416,0.332,25.1,0.637
ENV-0324,MINE-001,2026-08-20,13.6,0.49,0.326,26.1,0.625
ENV-0325,MINE-001,2026-08-21,0.0,0.194,0.35,23.2,0.782
ENV-0326,MINE-001,2026-08-22,21.8,0.62,0.31,23.4,0.528
ENV-0327,MINE-001,2026-08-23,10.8,0.43,0.351,23.5,0.653
ENV-0328,MINE-001,2026-08-24,0.0,0.245,0.304,25.2,0.756
ENV-0329,MINE-001,2026-08-25,0.0,0.238,0.321,23.3,0.797
ENV-0330,MINE-001,2026-08-26,0.0,0.154,0.36,24.1,0.791
ENV-0331,MINE-001,2026-08-27,22.9,0.683,0.335,23.9,0.512
ENV-0332,MINE-001,2026-08-28,19.7,0.64,0.349,23.6,0.533
ENV-0333,MINE-001,2026-08-29,10.2,0.453,0.32,24.2,0.629
ENV-0334,MINE-001,2026-08-30,12.3,0.426,0.365,23.6,0.669
ENV-0335,MINE-001,2026-08-31,0.0,0.191,0.369,23.4,0.802
ENV-0336,MINE-001,2026-09-01,0.0,0.229,0.329,23.5,0.836
ENV-0337,MINE-001,2026-09-02,7.5,0.304,0.368,24.2,0.666
ENV-0338,MINE-001,2026-09-03,9.8,0.369,0.358,24.5,0.691
ENV-0339,MINE-001,2026-09-04,0.0,0.247,0.333,24.2,0.783
ENV-0340,MINE-001,2026-09-05,27.8,0.789,0.35,24.7,0.461
ENV-0341,MINE-001,2026-09-06,53.6,1.0,0.37,23.9,0.165
ENV-0342,MINE-001,2026-09-07,3.5,0.252,0.396,23.8,0.781
ENV-0343,MINE-001,2026-09-08,34.6,0.881,0.402,25.8,0.414
ENV-0344,MINE-001,2026-09-09,0.0,0.223,0.362,22.8,0.803
ENV-0345,MINE-001,2026-09-10,0.0,0.215,0.368,22.1,0.763
ENV-0346,MINE-001,2026-09-11,84.9,1.0,0.395,22.3,0.1
ENV-0347,MINE-001,2026-09-12,0.9,0.223,0.4,22.5,0.769
ENV-0348,MINE-001,2026-09-13,0.0,0.24,0.367,24.9,0.8
ENV-0349,MINE-001,2026-09-14,0.0,0.192,0.393,23.5,0.786
ENV-0350,MINE-001,2026-09-15,0.0,0.216,0.422,26.0,0.77
ENV-0351,MINE-001,2026-09-16,0.0,0.25,0.388,22.6,0.774
ENV-0352,MINE-001,2026-09-17,9.8,0.367,0.397,23.3,0.695
ENV-0353,MINE-001,2026-09-18,2.8,0.247,0.424,23.7,0.81
ENV-0354,MINE-001,2026-09-19,0.0,0.219,0.44,24.9,0.843
ENV-0355,MINE-001,2026-09-20,0.0,0.184,0.394,24.3,0.848
ENV-0356,MINE-001,2026-09-21,7.0,0.381,0.394,22.2,0.663
ENV-0357,MINE-001,2026-09-22,14.5,0.508,0.413,24.7,0.573
ENV-0358,MINE-001,2026-09-23,0.0,0.175,0.454,22.4,0.768
ENV-0359,MINE-001,2026-09-24,0.5,0.242,0.399,24.7,0.78
ENV-0360,MINE-001,2026-09-25,0.0,0.209,0.433,25.0,0.801
ENV-0361,MINE-001,2026-09-26,0.0,0.184,0.463,25.5,0.783
ENV-0362,MINE-001,2026-09-27,36.8,0.895,0.439,25.4,0.373
ENV-0363,MINE-001,2026-09-28,0.0,0.152,0.44,24.1,0.774
ENV-0364,MINE-001,2026-09-29,102.3,1.0,0.467,25.9,0.1
ENV-0365,MINE-001,2026-09-30,29.8,0.767,0.459,25.0,0.433
