id,mine_id,block_code,min_x,max_x,min_y,max_y,min_z,max_z,volume_m3,bulk_density,tonnage,est_mn_grade,contained_mn_tonnes,category
BLK-001,MINE-001,BLK-DBM-001,79.675,79.68,21.518,21.523,100.0,250.0,250000.0,3.4,850000.0,3.19,27115.0,Exploration Target
BLK-002,MINE-001,BLK-DBM-002,79.675,79.68,21.523,21.528,100.0,250.0,250000.0,3.4,850000.0,19.05,161925.0,Inferred
BLK-003,MINE-001,BLK-DBM-003,79.675,79.68,21.528,21.533,100.0,250.0,250000.0,3.4,850000.0,19.42,165070.0,Inferred
BLK-004,MINE-001,BLK-DBM-004,79.675,79.68,21.533,21.538,100.0,250.0,250000.0,3.4,850000.0,18.78,159630.0,Inferred
BLK-005,MINE-001,BLK-DBM-005,79.675,79.68,21.538,21.543,100.0,250.0,250000.0,3.4,850000.0,14.52,123420.0,Inferred
BLK-006,MINE-001,BLK-DBM-006,79.68,79.685,21.518,21.523,100.0,250.0,250000.0,3.4,850000.0,20.73,176205.0,Inferred
BLK-007,MINE-001,BLK-DBM-007,79.68,79.685,21.523,21.528,100.0,250.0,250000.0,3.4,850000.0,13.69,116365.0,Inferred
BLK-008,MINE-001,BLK-DBM-008,79.68,79.685,21.528,21.533,100.0,250.0,250000.0,3.4,850000.0,22.59,192015.0,Indicated
BLK-009,MINE-001,BLK-DBM-009,79.68,79.685,21.533,21.538,100.0,250.0,250000.0,3.4,850000.0,29.89,254065.0,Indicated
BLK-010,MINE-001,BLK-DBM-010,79.68,79.685,21.538,21.543,100.0,250.0,250000.0,3.4,850000.0,27.23,231455.0,Indicated
BLK-011,MINE-001,BLK-DBM-011,79.685,79.69,21.518,21.523,100.0,250.0,250000.0,3.4,850000.0,20.49,174165.0,Inferred
BLK-012,MINE-001,BLK-DBM-012,79.685,79.69,21.523,21.528,100.0,250.0,250000.0,3.4,850000.0,26.22,222870.0,Indicated
BLK-013,MINE-001,BLK-DBM-013,79.685,79.69,21.528,21.533,100.0,250.0,250000.0,3.4,850000.0,34.02,289170.0,Measured
BLK-014,MINE-001,BLK-DBM-014,79.685,79.69,21.533,21.538,100.0,250.0,250000.0,3.4,850000.0,42.04,357340.0,Measured
BLK-015,MINE-001,BLK-DBM-015,79.685,79.69,21.538,21.543,100.0,250.0,250000.0,3.4,850000.0,38.59,328015.0,Measured
BLK-016,MINE-001,BLK-DBM-016,79.69,79.695,21.518,21.523,100.0,250.0,250000.0,3.4,850000.0,13.89,118065.0,Inferred
BLK-017,MINE-001,BLK-DBM-017,79.69,79.695,21.523,21.528,100.0,250.0,250000.0,3.4,850000.0,29.92,254320.0,Indicated
BLK-018,MINE-001,BLK-DBM-018,79.69,79.695,21.528,21.533,100.0,250.0,250000.0,3.4,850000.0,38.13,324105.0,Measured
BLK-019,MINE-001,BLK-DBM-019,79.69,79.695,21.533,21.538,100.0,250.0,250000.0,3.4,850000.0,39.25,333625.0,Measured
BLK-020,MINE-001,BLK-DBM-020,79.69,79.695,21.538,21.543,100.0,250.0,250000.0,3.4,850000.0,37.53,319005.0,Measured
BLK-021,MINE-001,BLK-DBM-021,79.695,79.7,21.518,21.523,100.0,250.0,250000.0,3.4,850000.0,20.29,172465.0,Inferred
BLK-022,MINE-001,BLK-DBM-022,79.695,79.7,21.523,21.528,100.0,250.0,250000.0,3.4,850000.0,31.13,264605.0,Indicated
BLK-023,MINE-001,BLK-DBM-023,79.695,79.7,21.528,21.533,100.0,250.0,250000.0,3.4,850000.0,40.51,344335.0,Measured
BLK-024,MINE-001,BLK-DBM-024,79.695,79.7,21.533,21.538,100.0,250.0,250000.0,3.4,850000.0,33.26,282710.0,Measured
BLK-025,MINE-001,BLK-DBM-025,79.695,79.7,21.538,21.543,100.0,250.0,250000.0,3.4,850000.0,31.23,265455.0,Indicated
