id,mine_id,period_start,period_end,target_tonnes
TGT-01,MINE-001,2025-10-01,2025-10-28,75000.0
TGT-02,MINE-001,2025-10-01,2025-11-28,75000.0
TGT-03,MINE-001,2025-11-01,2025-12-28,75000.0
TGT-04,MINE-001,2025-12-01,2026-01-28,75000.0
TGT-05,MINE-001,2026-01-01,2026-02-28,75000.0
TGT-06,MINE-001,2026-02-01,2026-03-28,75000.0
TGT-07,MINE-001,2026-03-01,2026-04-28,75000.0
TGT-08,MINE-001,2026-04-01,2026-05-28,75000.0
TGT-09,MINE-001,2026-05-01,2026-06-28,75000.0
TGT-10,MINE-001,2026-06-01,2026-07-28,75000.0
TGT-11,MINE-001,2026-07-01,2026-08-28,75000.0
TGT-12,MINE-001,2026-08-01,2026-09-28,75000.0
