id,mine_id,date,actual_production_tonnes,planned_target_tonnes,operating_hours,downtime_hours,equipment_availability_pct,rainfall_mm,blasting_delay_hours
PROD-0001,MINE-001,2025-10-01,1705.4,2500.0,11.6,2.6,83.8,0.0,1.8
PROD-0002,MINE-001,2025-10-02,2536.0,2500.0,15.6,0.4,97.6,0.0,0.0
PROD-0003,MINE-001,2025-10-03,1901.8,2500.0,13.6,2.4,84.7,7.3,0.0
PROD-0004,MINE-001,2025-10-04,1949.9,2500.0,13.0,1.7,89.2,0.0,1.3
PROD-0005,MINE-001,2025-10-05,1930.0,2500.0,13.2,2.8,82.7,6.8,0.0
PROD-0006,MINE-001,2025-10-06,2299.8,2500.0,14.6,1.4,91.1,0.0,0.0
PROD-0007,MINE-001,2025-10-07,2015.1,2500.0,13.2,1.0,94.0,0.3,1.8
PROD-0008,MINE-001,2025-10-08,628.8,2500.0,7.8,8.2,48.9,0.0,0.0
PROD-0009,MINE-001,2025-10-09,2231.3,2500.0,14.3,1.7,89.1,0.0,0.0
PROD-0010,MINE-001,2025-10-10,2423.4,2500.0,14.7,0.4,97.8,0.0,0.9
PROD-0011,MINE-001,2025-10-11,2064.8,2500.0,14.0,2.0,87.2,0.0,0.0
PROD-0012,MINE-001,2025-10-12,2044.8,2500.0,14.2,1.8,89.0,0.0,0.0
PROD-0013,MINE-001,2025-10-13,2365.1,2500.0,14.2,0.3,97.9,4.0,1.5
PROD-0014,MINE-001,2025-10-14,801.1,2500.0,9.1,6.9,56.6,0.0,0.0
PROD-0015,MINE-001,2025-10-15,2462.3,2500.0,15.3,0.7,95.4,0.0,0.0
PROD-0016,MINE-001,2025-10-16,2144.9,2500.0,13.8,1.4,91.5,0.0,0.8
PROD-0017,MINE-001,2025-10-17,1830.4,2500.0,13.3,2.7,83.4,0.0,0.0
PROD-0018,MINE-001,2025-10-18,1937.6,2500.0,13.6,2.4,84.9,0.0,0.0
PROD-0019,MINE-001,2025-10-19,2294.6,2500.0,13.7,0.9,94.4,0.5,1.4
PROD-0020,MINE-001,2025-10-20,2051.5,2500.0,14.6,1.4,91.0,0.0,0.0
PROD-0021,MINE-001,2025-10-21,2182.5,2500.0,14.2,1.8,88.8,2.9,0.0
PROD-0022,MINE-001,2025-10-22,2133.8,2500.0,13.2,1.7,89.5,2.6,1.1
PROD-0023,MINE-001,2025-10-23,1811.6,2500.0,13.3,2.7,82.9,0.0,0.0
PROD-0024,MINE-001,2025-10-24,1707.6,2500.0,13.1,2.9,82.1,0.0,0.0
PROD-0025,MINE-001,2025-10-25,1697.5,2500.0,12.3,2.4,85.3,0.0,1.3
PROD-0026,MINE-001,2025-10-26,2262.9,2500.0,14.4,1.6,90.0,0.0,0.0
PROD-0027,MINE-001,2025-10-27,1452.1,2500.0,11.4,4.6,71.3,0.0,0.0
PROD-0028,MINE-001,2025-10-28,1819.0,2500.0,12.2,2.1,87.0,0.0,1.7
PROD-0029,MINE-001,2025-10-29,2451.6,2500.0,15.3,0.7,95.5,0.0,0.0
PROD-0030,MINE-001,2025-10-30,1904.3,2500.0,13.6,2.4,85.0,0.0,0.0
PROD-0031,MINE-001,2025-10-31,1696.3,2500.0,12.1,2.3,85.5,0.0,1.6
PROD-0032,MINE-001,2025-11-01,1531.0,2500.0,11.8,4.2,73.5,2.3,0.0
PROD-0033,MINE-001,2025-11-02,2128.3,2500.0,14.7,1.3,91.6,0.0,0.0
PROD-0034,MINE-001,2025-11-03,2323.2,2500.0,14.1,0.8,95.1,0.0,1.1
PROD-0035,MINE-001,2025-11-04,2371.7,2500.0,14.9,1.1,92.9,0.0,0.0
PROD-0036,MINE-001,2025-11-05,2429.9,2500.0,15.0,1.0,94.0,0.0,0.0
PROD-0037,MINE-001,2025-11-06,2196.6,2500.0,14.3,1.1,93.1,0.0,0.6
PROD-0038,MINE-001,2025-11-07,2119.4,2500.0,14.1,1.9,88.1,0.0,0.0
PROD-0039,MINE-001,2025-11-08,2292.0,2500.0,14.8,1.2,92.7,3.9,0.0
PROD-0040,MINE-001,2025-11-09,1106.5,2500.0,8.9,6.2,61.3,0.0,0.9
PROD-0041,MINE-001,2025-11-10,2522.0,2500.0,15.3,0.7,95.4,0.0,0.0
PROD-0042,MINE-001,2025-11-11,2279.9,2500.0,14.8,1.2,92.8,0.0,0.0
PROD-0043,MINE-001,2025-11-12,2207.9,2500.0,13.2,1.0,94.0,0.0,1.8
PROD-0044,MINE-001,2025-11-13,1700.5,2500.0,12.7,3.3,79.4,0.0,0.0
PROD-0045,MINE-001,2025-11-14,2154.0,2500.0,14.0,2.0,87.5,0.0,0.0
PROD-0046,MINE-001,2025-11-15,1876.2,2500.0,13.1,1.6,90.3,0.8,1.3
PROD-0047,MINE-001,2025-11-16,1316.7,2500.0,11.5,4.5,72.1,0.0,0.0
PROD-0048,MINE-001,2025-11-17,2158.0,2500.0,14.5,1.5,90.5,0.0,0.0
PROD-0049,MINE-001,2025-11-18,1656.1,2500.0,11.5,2.8,82.6,0.0,1.7
PROD-0050,MINE-001,2025-11-19,2416.6,2500.0,15.1,0.9,94.2,0.0,0.0
PROD-0051,MINE-001,2025-11-20,1427.5,2500.0,11.3,4.7,70.4,0.0,0.0
PROD-0052,MINE-001,2025-11-21,2335.1,2500.0,14.7,0.8,94.9,0.0,0.5
PROD-0053,MINE-001,2025-11-22,1829.8,2500.0,13.5,2.5,84.1,0.3,0.0
PROD-0054,MINE-001,2025-11-23,2060.4,2500.0,13.6,2.4,85.3,1.0,0.0
PROD-0055,MINE-001,2025-11-24,2352.5,2500.0,14.0,0.4,97.7,0.0,1.6
PROD-0056,MINE-001,2025-11-25,1909.2,2500.0,13.8,2.2,86.4,0.0,0.0
PROD-0057,MINE-001,2025-11-26,2086.8,2500.0,13.7,2.3,85.7,0.0,0.0
PROD-0058,MINE-001,2025-11-27,1506.8,2500.0,11.5,2.8,82.3,0.0,1.7
PROD-0059,MINE-001,2025-11-28,2196.4,2500.0,14.4,1.6,90.1,0.0,0.0
PROD-0060,MINE-001,2025-11-29,2385.0,2500.0,15.5,0.5,97.0,1.9,0.0
PROD-0061,MINE-001,2025-11-30,1279.7,2500.0,10.9,4.3,73.2,0.0,0.8
PROD-0062,MINE-001,2025-12-01,2064.6,2500.0,14.4,1.6,90.2,0.0,0.0
PROD-0063,MINE-001,2025-12-02,1782.4,2500.0,13.1,2.9,82.1,0.7,0.0
PROD-0064,MINE-001,2025-12-03,1672.5,2500.0,11.9,2.6,84.0,0.0,1.5
PROD-0065,MINE-001,2025-12-04,1016.0,2500.0,9.3,6.7,58.2,0.0,0.0
PROD-0066,MINE-001,2025-12-05,1115.3,2500.0,10.2,5.8,63.5,0.9,0.0
PROD-0067,MINE-001,2025-12-06,1114.2,2500.0,9.8,4.6,71.4,0.5,1.6
PROD-0068,MINE-001,2025-12-07,2155.6,2500.0,14.6,1.4,91.1,0.0,0.0
PROD-0069,MINE-001,2025-12-08,2698.3,2500.0,15.6,0.4,97.4,0.0,0.0
PROD-0070,MINE-001,2025-12-09,1782.3,2500.0,12.2,1.8,88.5,0.0,2.0
PROD-0071,MINE-001,2025-12-10,1004.9,2500.0,9.7,6.3,60.7,0.2,0.0
PROD-0072,MINE-001,2025-12-11,1051.7,2500.0,10.7,5.3,67.1,0.0,0.0
PROD-0073,MINE-001,2025-12-12,1963.3,2500.0,12.8,1.7,89.2,0.2,1.5
PROD-0074,MINE-001,2025-12-13,2216.0,2500.0,14.9,1.1,93.0,0.0,0.0
PROD-0075,MINE-001,2025-12-14,1924.4,2500.0,13.4,2.6,83.9,0.0,0.0
PROD-0076,MINE-001,2025-12-15,1944.9,2500.0,13.1,1.6,90.2,0.0,1.3
PROD-0077,MINE-001,2025-12-16,1931.9,2500.0,13.1,2.9,82.1,0.0,0.0
PROD-0078,MINE-001,2025-12-17,1794.1,2500.0,13.3,2.7,83.1,1.6,0.0
PROD-0079,MINE-001,2025-12-18,1675.2,2500.0,12.2,2.2,86.3,0.0,1.6
PROD-0080,MINE-001,2025-12-19,1886.0,2500.0,13.8,2.2,86.3,9.3,0.0
PROD-0081,MINE-001,2025-12-20,862.1,2500.0,9.3,6.7,58.0,0.0,0.0
PROD-0082,MINE-001,2025-12-21,2384.9,2500.0,14.9,0.5,96.6,1.8,0.6
PROD-0083,MINE-001,2025-12-22,2072.7,2500.0,13.8,2.2,86.4,0.0,0.0
PROD-0084,MINE-001,2025-12-23,2045.0,2500.0,14.4,1.6,89.9,2.5,0.0
PROD-0085,MINE-001,2025-12-24,1545.1,2500.0,11.7,2.5,84.1,0.0,1.8
PROD-0086,MINE-001,2025-12-25,2072.0,2500.0,13.8,2.2,86.2,3.0,0.0
PROD-0087,MINE-001,2025-12-26,2008.6,2500.0,13.9,2.1,86.7,0.0,0.0
PROD-0088,MINE-001,2025-12-27,2393.0,2500.0,14.8,0.5,96.6,0.0,0.7
PROD-0089,MINE-001,2025-12-28,2178.7,2500.0,14.1,1.9,88.2,0.0,0.0
PROD-0090,MINE-001,2025-12-29,2090.9,2500.0,14.0,2.0,87.5,0.0,0.0
PROD-0091,MINE-001,2025-12-30,2069.8,2500.0,13.0,1.0,93.6,0.0,2.0
PROD-0092,MINE-001,2025-12-31,2201.4,2500.0,14.6,1.4,91.4,2.2,0.0
PROD-0093,MINE-001,2026-01-01,2203.7,2500.0,14.3,1.7,89.4,0.0,0.0
PROD-0094,MINE-001,2026-01-02,2204.5,2500.0,14.0,1.0,94.0,0.0,1.0
PROD-0095,MINE-001,2026-01-03,2437.5,2500.0,15.4,0.6,96.3,0.0,0.0
PROD-0096,MINE-001,2026-01-04,2484.1,2500.0,15.4,0.6,96.0,0.0,0.0
PROD-0097,MINE-001,2026-01-05,948.9,2500.0,8.7,6.0,62.3,0.0,1.3
PROD-0098,MINE-001,2026-01-06,1810.6,2500.0,12.7,3.3,79.4,0.0,0.0
PROD-0099,MINE-001,2026-01-07,2486.5,2500.0,15.0,1.0,93.8,0.0,0.0
PROD-0100,MINE-001,2026-01-08,2055.2,2500.0,12.9,1.2,92.8,0.0,1.9
PROD-0101,MINE-001,2026-01-09,1904.4,2500.0,13.3,2.7,83.1,0.0,0.0
PROD-0102,MINE-001,2026-01-10,1911.0,2500.0,13.2,2.8,82.5,0.0,0.0
PROD-0103,MINE-001,2026-01-11,1837.1,2500.0,12.7,2.8,82.8,0.0,0.5
PROD-0104,MINE-001,2026-01-12,2250.0,2500.0,14.6,1.4,91.5,0.0,0.0
PROD-0105,MINE-001,2026-01-13,1910.9,2500.0,13.9,2.1,86.7,0.0,0.0
PROD-0106,MINE-001,2026-01-14,1799.9,2500.0,12.4,2.4,84.7,0.9,1.2
PROD-0107,MINE-001,2026-01-15,2038.0,2500.0,14.2,1.8,88.8,0.0,0.0
PROD-0108,MINE-001,2026-01-16,2346.3,2500.0,14.8,1.2,92.5,0.0,0.0
PROD-0109,MINE-001,2026-01-17,1861.3,2500.0,12.9,1.7,89.3,0.0,1.4
PROD-0110,MINE-001,2026-01-18,2455.7,2500.0,15.4,0.6,96.2,0.0,0.0
PROD-0111,MINE-001,2026-01-19,981.9,2500.0,9.4,6.6,59.0,0.0,0.0
PROD-0112,MINE-001,2026-01-20,1714.3,2500.0,12.3,2.0,87.6,0.0,1.7
PROD-0113,MINE-001,2026-01-21,2098.2,2500.0,14.2,1.8,88.5,0.0,0.0
PROD-0114,MINE-001,2026-01-22,2377.8,2500.0,14.4,0.5,96.7,22.0,0.0
PROD-0115,MINE-001,2026-01-23,1086.9,2500.0,9.7,5.4,66.4,0.0,0.9
PROD-0116,MINE-001,2026-01-24,1169.7,2500.0,10.5,5.5,65.7,0.0,0.0
PROD-0117,MINE-001,2026-01-25,2567.0,2500.0,15.6,0.4,97.7,0.0,0.0
PROD-0118,MINE-001,2026-01-26,2412.6,2500.0,14.2,0.7,95.7,0.0,1.1
PROD-0119,MINE-001,2026-01-27,627.3,2500.0,8.2,7.8,51.0,0.0,0.0
PROD-0120,MINE-001,2026-01-28,2271.7,2500.0,14.8,1.2,92.6,0.0,0.0
PROD-0121,MINE-001,2026-01-29,1936.8,2500.0,12.9,1.5,90.4,0.0,1.6
PROD-0122,MINE-001,2026-01-30,2289.6,2500.0,14.6,1.4,91.3,1.4,0.0
PROD-0123,MINE-001,2026-01-31,1862.2,2500.0,13.3,2.7,82.9,0.0,0.0
PROD-0124,MINE-001,2026-02-01,1730.8,2500.0,11.5,2.9,82.0,0.0,1.6
PROD-0125,MINE-001,2026-02-02,2524.6,2500.0,15.5,0.5,97.0,0.0,0.0
PROD-0126,MINE-001,2026-02-03,1910.8,2500.0,13.2,2.8,82.8,0.0,0.0
PROD-0127,MINE-001,2026-02-04,2146.0,2500.0,13.9,0.7,95.7,8.1,1.4
PROD-0128,MINE-001,2026-02-05,1920.8,2500.0,13.3,2.7,83.3,0.0,0.0
PROD-0129,MINE-001,2026-02-06,1921.6,2500.0,13.7,2.3,85.4,0.0,0.0
PROD-0130,MINE-001,2026-02-07,612.5,2500.0,7.4,6.6,58.8,0.0,2.0
PROD-0131,MINE-001,2026-02-08,2441.5,2500.0,15.1,0.9,94.3,0.0,0.0
PROD-0132,MINE-001,2026-02-09,1858.5,2500.0,13.3,2.7,83.4,0.0,0.0
PROD-0133,MINE-001,2026-02-10,1628.2,2500.0,11.8,3.3,79.2,4.7,0.9
PROD-0134,MINE-001,2026-02-11,1020.2,2500.0,9.8,6.2,61.3,0.0,0.0
PROD-0135,MINE-001,2026-02-12,2274.4,2500.0,14.7,1.3,91.8,0.0,0.0
PROD-0136,MINE-001,2026-02-13,2411.2,2500.0,14.4,0.4,97.7,0.0,1.2
PROD-0137,MINE-001,2026-02-14,1817.8,2500.0,13.1,2.9,82.0,0.0,0.0
PROD-0138,MINE-001,2026-02-15,2572.6,2500.0,15.6,0.4,97.4,0.0,0.0
PROD-0139,MINE-001,2026-02-16,2162.5,2500.0,14.1,0.8,94.8,0.0,1.1
PROD-0140,MINE-001,2026-02-17,2513.3,2500.0,15.5,0.5,97.0,0.0,0.0
PROD-0141,MINE-001,2026-02-18,2152.5,2500.0,14.4,1.6,89.8,2.3,0.0
PROD-0142,MINE-001,2026-02-19,2159.5,2500.0,13.7,1.6,89.8,0.0,0.7
PROD-0143,MINE-001,2026-02-20,2299.1,2500.0,14.9,1.1,93.0,0.0,0.0
PROD-0144,MINE-001,2026-02-21,2165.3,2500.0,14.4,1.6,90.0,0.0,0.0
PROD-0145,MINE-001,2026-02-22,1773.3,2500.0,12.0,2.1,86.6,0.0,1.9
PROD-0146,MINE-001,2026-02-23,1926.1,2500.0,13.6,2.4,84.9,0.0,0.0
PROD-0147,MINE-001,2026-02-24,2596.3,2500.0,15.5,0.5,96.8,0.0,0.0
PROD-0148,MINE-001,2026-02-25,430.8,2500.0,6.2,8.2,48.8,0.0,1.6
PROD-0149,MINE-001,2026-02-26,933.9,2500.0,9.5,6.5,59.1,0.0,0.0
PROD-0150,MINE-001,2026-02-27,2292.9,2500.0,14.4,1.6,90.2,0.0,0.0
PROD-0151,MINE-001,2026-02-28,1850.5,2500.0,12.8,2.7,83.0,0.0,0.5
PROD-0152,MINE-001,2026-03-01,1952.9,2500.0,13.6,2.4,85.3,0.0,0.0
PROD-0153,MINE-001,2026-03-02,1785.2,2500.0,13.5,2.5,84.6,0.0,0.0
PROD-0154,MINE-001,2026-03-03,1078.1,2500.0,9.5,5.8,63.7,0.0,0.7
PROD-0155,MINE-001,2026-03-04,1071.4,2500.0,10.0,6.0,62.6,0.0,0.0
PROD-0156,MINE-001,2026-03-05,1888.5,2500.0,13.2,2.8,82.8,0.0,0.0
PROD-0157,MINE-001,2026-03-06,1676.7,2500.0,12.4,2.5,84.5,0.0,1.1
PROD-0158,MINE-001,2026-03-07,1937.8,2500.0,14.0,2.0,87.7,1.4,0.0
PROD-0159,MINE-001,2026-03-08,1783.4,2500.0,13.5,2.5,84.5,0.0,0.0
PROD-0160,MINE-001,2026-03-09,1898.0,2500.0,13.4,1.8,88.6,0.0,0.8
PROD-0161,MINE-001,2026-03-10,2214.4,2500.0,14.1,1.9,88.4,0.0,0.0
PROD-0162,MINE-001,2026-03-11,2545.1,2500.0,15.3,0.7,95.5,0.7,0.0
PROD-0163,MINE-001,2026-03-12,1770.4,2500.0,11.9,2.7,83.1,0.3,1.4
PROD-0164,MINE-001,2026-03-13,1516.2,2500.0,11.5,4.5,72.1,2.3,0.0
PROD-0165,MINE-001,2026-03-14,2422.0,2500.0,15.3,0.7,95.9,0.0,0.0
PROD-0166,MINE-001,2026-03-15,2192.3,2500.0,13.9,0.9,94.4,0.0,1.2
PROD-0167,MINE-001,2026-03-16,2285.6,2500.0,15.0,1.0,93.7,0.0,0.0
PROD-0168,MINE-001,2026-03-17,1073.3,2500.0,10.3,5.7,64.3,0.0,0.0
PROD-0169,MINE-001,2026-03-18,2185.1,2500.0,13.6,1.5,90.6,1.6,0.9
PROD-0170,MINE-001,2026-03-19,2401.3,2500.0,15.2,0.8,95.2,3.3,0.0
PROD-0171,MINE-001,2026-03-20,564.9,2500.0,8.3,7.7,51.7,0.0,0.0
PROD-0172,MINE-001,2026-03-21,2153.5,2500.0,13.3,1.7,89.3,3.4,1.0
PROD-0173,MINE-001,2026-03-22,2359.0,2500.0,14.8,1.2,92.8,0.0,0.0
PROD-0174,MINE-001,2026-03-23,2620.6,2500.0,15.4,0.6,96.3,0.2,0.0
PROD-0175,MINE-001,2026-03-24,2068.7,2500.0,13.3,1.2,92.4,0.0,1.5
PROD-0176,MINE-001,2026-03-25,1818.7,2500.0,13.6,2.4,85.3,0.0,0.0
PROD-0177,MINE-001,2026-03-26,1489.5,2500.0,12.0,4.0,75.1,0.0,0.0
PROD-0178,MINE-001,2026-03-27,1659.8,2500.0,12.1,2.5,84.2,4.5,1.4
PROD-0179,MINE-001,2026-03-28,2517.6,2500.0,15.4,0.6,96.1,4.4,0.0
PROD-0180,MINE-001,2026-03-29,1940.5,2500.0,13.2,2.8,82.3,0.0,0.0
PROD-0181,MINE-001,2026-03-30,1607.5,2500.0,11.5,2.7,83.0,0.0,1.8
PROD-0182,MINE-001,2026-03-31,2527.8,2500.0,15.6,0.4,97.7,0.0,0.0
PROD-0183,MINE-001,2026-04-01,1936.7,2500.0,13.8,2.2,86.2,8.9,0.0
PROD-0184,MINE-001,2026-04-02,2083.8,2500.0,13.1,1.3,92.0,0.0,1.6
PROD-0185,MINE-001,2026-04-03,2141.9,2500.0,14.4,1.6,89.9,0.0,0.0
PROD-0186,MINE-001,2026-04-04,2439.9,2500.0,15.4,0.6,96.3,0.0,0.0
PROD-0187,MINE-001,2026-04-05,1109.9,2500.0,8.9,5.2,67.3,0.0,1.9
PROD-0188,MINE-001,2026-04-06,2612.5,2500.0,15.6,0.4,97.4,0.0,0.0
PROD-0189,MINE-001,2026-04-07,1173.6,2500.0,10.3,5.7,64.2,3.9,0.0
PROD-0190,MINE-001,2026-04-08,1830.3,2500.0,13.2,2.2,86.3,1.8,0.6
PROD-0191,MINE-001,2026-04-09,2076.9,2500.0,13.9,2.1,86.7,0.0,0.0
PROD-0192,MINE-001,2026-04-10,1180.6,2500.0,10.7,5.3,67.0,0.0,0.0
PROD-0193,MINE-001,2026-04-11,2219.0,2500.0,14.0,1.1,93.3,0.0,0.9
PROD-0194,MINE-001,2026-04-12,2104.1,2500.0,14.3,1.7,89.3,0.0,0.0
PROD-0195,MINE-001,2026-04-13,2073.8,2500.0,13.8,2.2,86.0,0.0,0.0
PROD-0196,MINE-001,2026-04-14,1825.8,2500.0,11.6,2.5,84.1,0.0,1.9
PROD-0197,MINE-001,2026-04-15,2207.4,2500.0,14.8,1.2,92.6,0.0,0.0
PROD-0198,MINE-001,2026-04-16,2538.3,2500.0,15.6,0.4,97.6,0.0,0.0
PROD-0199,MINE-001,2026-04-17,1867.1,2500.0,12.6,1.5,90.8,0.0,1.9
PROD-0200,MINE-001,2026-04-18,2018.4,2500.0,13.8,2.2,86.3,0.0,0.0
PROD-0201,MINE-001,2026-04-19,2004.0,2500.0,13.9,2.1,87.1,6.8,0.0
PROD-0202,MINE-001,2026-04-20,1794.6,2500.0,12.7,1.7,89.1,0.0,1.6
PROD-0203,MINE-001,2026-04-21,2446.2,2500.0,14.8,1.2,92.3,0.0,0.0
PROD-0204,MINE-001,2026-04-22,1369.3,2500.0,11.0,5.0,68.7,0.0,0.0
PROD-0205,MINE-001,2026-04-23,2194.0,2500.0,13.5,1.2,92.8,0.0,1.3
PROD-0206,MINE-001,2026-04-24,2111.4,2500.0,14.3,1.7,89.3,0.0,0.0
PROD-0207,MINE-001,2026-04-25,2322.0,2500.0,14.9,1.1,93.3,2.4,0.0
PROD-0208,MINE-001,2026-04-26,1790.7,2500.0,12.2,2.7,83.2,0.0,1.1
PROD-0209,MINE-001,2026-04-27,980.0,2500.0,9.4,6.6,58.8,0.0,0.0
PROD-0210,MINE-001,2026-04-28,2247.1,2500.0,14.6,1.4,91.1,0.0,0.0
PROD-0211,MINE-001,2026-04-29,1891.2,2500.0,12.9,1.8,88.5,0.0,1.3
PROD-0212,MINE-001,2026-04-30,2532.6,2500.0,15.6,0.4,97.6,1.9,0.0
PROD-0213,MINE-001,2026-05-01,2197.0,2500.0,14.4,1.6,90.2,0.0,0.0
PROD-0214,MINE-001,2026-05-02,1873.2,2500.0,12.8,1.8,88.8,0.5,1.4
PROD-0215,MINE-001,2026-05-03,1296.5,2500.0,11.2,4.8,70.2,0.0,0.0
PROD-0216,MINE-001,2026-05-04,2381.2,2500.0,15.1,0.9,94.6,0.0,0.0
PROD-0217,MINE-001,2026-05-05,2095.9,2500.0,13.5,1.2,92.7,5.2,1.3
PROD-0218,MINE-001,2026-05-06,2090.5,2500.0,13.6,2.4,85.2,0.0,0.0
PROD-0219,MINE-001,2026-05-07,2494.4,2500.0,15.5,0.5,96.7,0.0,0.0
PROD-0220,MINE-001,2026-05-08,529.0,2500.0,7.1,7.9,50.7,0.0,1.0
PROD-0221,MINE-001,2026-05-09,1723.8,2500.0,13.2,2.8,82.3,0.0,0.0
PROD-0222,MINE-001,2026-05-10,2270.3,2500.0,14.5,1.5,90.5,3.0,0.0
PROD-0223,MINE-001,2026-05-11,1686.1,2500.0,12.3,2.7,83.3,0.0,1.0
PROD-0224,MINE-001,2026-05-12,2113.9,2500.0,14.3,1.7,89.4,0.0,0.0
PROD-0225,MINE-001,2026-05-13,2487.5,2500.0,15.4,0.6,96.4,0.7,0.0
PROD-0226,MINE-001,2026-05-14,620.5,2500.0,8.3,6.8,57.3,4.9,0.9
PROD-0227,MINE-001,2026-05-15,2086.4,2500.0,13.9,2.1,86.7,0.0,0.0
PROD-0228,MINE-001,2026-05-16,2223.5,2500.0,14.6,1.4,91.1,0.0,0.0
PROD-0229,MINE-001,2026-05-17,963.1,2500.0,9.0,5.8,63.6,0.0,1.2
PROD-0230,MINE-001,2026-05-18,2359.2,2500.0,14.6,1.4,91.1,0.0,0.0
PROD-0231,MINE-001,2026-05-19,2204.4,2500.0,14.3,1.7,89.6,0.0,0.0
PROD-0232,MINE-001,2026-05-20,2249.1,2500.0,14.7,0.4,97.3,0.0,0.9
PROD-0233,MINE-001,2026-05-21,2237.9,2500.0,14.8,1.2,92.3,5.7,0.0
PROD-0234,MINE-001,2026-05-22,2322.9,2500.0,15.0,1.0,93.5,0.0,0.0
PROD-0235,MINE-001,2026-05-23,1970.7,2500.0,12.4,1.9,87.9,0.0,1.7
PROD-0236,MINE-001,2026-05-24,2462.6,2500.0,15.1,0.9,94.3,1.3,0.0
PROD-0237,MINE-001,2026-05-25,1934.6,2500.0,13.8,2.2,86.0,0.0,0.0
PROD-0238,MINE-001,2026-05-26,2059.7,2500.0,13.3,1.0,94.0,0.0,1.7
PROD-0239,MINE-001,2026-05-27,776.0,2500.0,8.1,7.9,50.8,0.0,0.0
PROD-0240,MINE-001,2026-05-28,806.5,2500.0,8.6,7.0,56.4,17.2,0.0
PROD-0241,MINE-001,2026-05-29,2016.4,2500.0,13.3,1.5,90.4,0.0,1.2
PROD-0242,MINE-001,2026-05-30,2202.6,2500.0,14.2,1.8,89.0,0.0,0.0
PROD-0243,MINE-001,2026-05-31,1412.7,2500.0,12.0,4.0,74.9,0.0,0.0
PROD-0244,MINE-001,2026-06-01,1678.1,2500.0,11.2,1.8,88.9,24.3,1.5
PROD-0245,MINE-001,2026-06-02,1982.8,2500.0,13.4,2.6,84.0,8.9,0.0
PROD-0246,MINE-001,2026-06-03,2580.4,2500.0,15.6,0.4,97.3,0.0,0.0
PROD-0247,MINE-001,2026-06-04,1870.0,2500.0,12.3,1.8,88.7,0.0,1.9
PROD-0248,MINE-001,2026-06-05,2141.7,2500.0,14.4,1.6,89.9,9.5,0.0
PROD-0249,MINE-001,2026-06-06,2472.4,2500.0,15.0,1.0,94.0,2.1,0.0
PROD-0250,MINE-001,2026-06-07,2404.8,2500.0,13.9,0.9,94.4,0.1,1.2
PROD-0251,MINE-001,2026-06-08,506.2,2500.0,7.1,6.4,60.1,30.5,0.0
PROD-0252,MINE-001,2026-06-09,1019.3,2500.0,8.9,6.2,61.2,20.9,0.0
PROD-0253,MINE-001,2026-06-10,691.2,2500.0,7.8,7.4,53.5,0.0,0.8
PROD-0254,MINE-001,2026-06-11,1742.4,2500.0,13.4,2.6,83.8,15.3,0.0
PROD-0255,MINE-001,2026-06-12,1489.8,2500.0,9.8,2.2,86.2,39.8,0.0
PROD-0256,MINE-001,2026-06-13,2118.5,2500.0,13.2,0.9,94.2,0.0,1.9
PROD-0257,MINE-001,2026-06-14,2303.1,2500.0,14.9,1.1,93.4,0.0,0.0
PROD-0258,MINE-001,2026-06-15,420.6,2500.0,4.1,5.6,65.0,54.1,0.0
PROD-0259,MINE-001,2026-06-16,2686.8,2500.0,15.1,0.4,97.5,11.0,0.5
PROD-0260,MINE-001,2026-06-17,2163.7,2500.0,14.7,1.3,92.1,0.0,0.0
PROD-0261,MINE-001,2026-06-18,1927.6,2500.0,14.0,2.0,87.2,0.0,0.0
PROD-0262,MINE-001,2026-06-19,912.0,2500.0,8.8,5.4,66.1,2.0,1.8
PROD-0263,MINE-001,2026-06-20,614.7,2500.0,4.0,1.5,90.4,117.7,0.0
PROD-0264,MINE-001,2026-06-21,906.3,2500.0,5.3,0.6,96.3,78.4,0.0
PROD-0265,MINE-001,2026-06-22,601.8,2500.0,4.0,4.4,72.6,81.3,1.7
PROD-0266,MINE-001,2026-06-23,1869.3,2500.0,13.4,2.6,83.9,0.0,0.0
PROD-0267,MINE-001,2026-06-24,2347.4,2500.0,15.0,1.0,93.9,6.4,0.0
PROD-0268,MINE-001,2026-06-25,2148.3,2500.0,13.6,0.9,94.5,19.4,0.8
PROD-0269,MINE-001,2026-06-26,2173.0,2500.0,14.3,1.7,89.3,12.1,0.0
PROD-0270,MINE-001,2026-06-27,2580.0,2500.0,15.6,0.4,97.8,1.0,0.0
PROD-0271,MINE-001,2026-06-28,2213.4,2500.0,14.2,0.7,95.6,0.0,1.1
PROD-0272,MINE-001,2026-06-29,1869.3,2500.0,13.1,2.5,84.6,17.6,0.0
PROD-0273,MINE-001,2026-06-30,2350.6,2500.0,15.3,0.7,95.5,0.0,0.0
PROD-0274,MINE-001,2026-07-01,2061.6,2500.0,13.0,1.4,91.4,0.6,1.6
PROD-0275,MINE-001,2026-07-02,2186.0,2500.0,14.3,1.7,89.5,0.0,0.0
PROD-0276,MINE-001,2026-07-03,2386.6,2500.0,14.4,1.6,90.3,9.7,0.0
PROD-0277,MINE-001,2026-07-04,1254.7,2500.0,7.5,1.7,89.1,47.9,1.5
PROD-0278,MINE-001,2026-07-05,2141.1,2500.0,14.2,1.8,88.9,0.0,0.0
PROD-0279,MINE-001,2026-07-06,2380.1,2500.0,14.7,0.9,94.4,17.6,0.0
PROD-0280,MINE-001,2026-07-07,2253.5,2500.0,14.2,1.2,92.8,4.4,0.6
PROD-0281,MINE-001,2026-07-08,2169.9,2500.0,14.1,1.9,87.9,6.1,0.0
PROD-0282,MINE-001,2026-07-09,1961.5,2500.0,13.1,1.6,90.2,22.9,0.0
PROD-0283,MINE-001,2026-07-10,1526.9,2500.0,10.5,2.5,84.2,26.4,1.2
PROD-0284,MINE-001,2026-07-11,1168.8,2500.0,8.8,3.3,79.3,39.5,0.0
PROD-0285,MINE-001,2026-07-12,2013.4,2500.0,13.7,2.3,85.6,12.5,0.0
PROD-0286,MINE-001,2026-07-13,1956.7,2500.0,13.1,1.6,89.8,4.9,1.3
PROD-0287,MINE-001,2026-07-14,2161.2,2500.0,14.0,2.0,87.7,0.0,0.0
PROD-0288,MINE-001,2026-07-15,2625.7,2500.0,15.3,0.7,95.4,7.2,0.0
PROD-0289,MINE-001,2026-07-16,2061.3,2500.0,13.8,1.4,91.5,10.4,0.8
PROD-0290,MINE-001,2026-07-17,2186.3,2500.0,14.2,1.5,90.7,16.7,0.0
PROD-0291,MINE-001,2026-07-18,1432.8,2500.0,9.9,1.9,88.3,41.4,0.0
PROD-0292,MINE-001,2026-07-19,1893.6,2500.0,12.3,1.8,88.6,2.4,1.9
PROD-0293,MINE-001,2026-07-20,2028.6,2500.0,12.9,1.2,92.8,26.7,0.0
PROD-0294,MINE-001,2026-07-21,2024.5,2500.0,13.4,2.6,83.9,0.0,0.0
PROD-0295,MINE-001,2026-07-22,1703.7,2500.0,11.7,2.4,84.8,0.0,1.9
PROD-0296,MINE-001,2026-07-23,666.3,2500.0,6.0,6.1,61.8,39.3,0.0
PROD-0297,MINE-001,2026-07-24,2176.5,2500.0,14.4,1.6,90.2,13.8,0.0
PROD-0298,MINE-001,2026-07-25,1031.6,2500.0,8.0,4.6,71.2,33.3,0.5
PROD-0299,MINE-001,2026-07-26,1972.5,2500.0,13.4,2.6,83.9,0.0,0.0
PROD-0300,MINE-001,2026-07-27,886.0,2500.0,8.9,7.1,55.6,0.0,0.0
PROD-0301,MINE-001,2026-07-28,2257.4,2500.0,13.7,0.7,95.4,0.0,1.6
PROD-0302,MINE-001,2026-07-29,2221.5,2500.0,14.5,1.5,90.9,8.3,0.0
PROD-0303,MINE-001,2026-07-30,947.5,2500.0,9.8,6.2,61.2,7.6,0.0
PROD-0304,MINE-001,2026-07-31,1381.0,2500.0,10.3,4.5,72.1,10.1,1.2
PROD-0305,MINE-001,2026-08-01,2546.3,2500.0,15.6,0.4,97.3,0.0,0.0
PROD-0306,MINE-001,2026-08-02,978.0,2500.0,9.0,6.3,60.7,19.4,0.0
PROD-0307,MINE-001,2026-08-03,1930.5,2500.0,13.0,1.4,91.0,4.8,1.6
PROD-0308,MINE-001,2026-08-04,519.9,2500.0,4.0,4.4,72.8,109.9,0.0
PROD-0309,MINE-001,2026-08-05,847.8,2500.0,8.1,7.1,55.7,20.0,0.0
PROD-0310,MINE-001,2026-08-06,2296.6,2500.0,13.9,1.1,93.3,0.0,1.0
PROD-0311,MINE-001,2026-08-07,1747.8,2500.0,12.5,2.1,86.6,23.9,0.0
PROD-0312,MINE-001,2026-08-08,1675.6,2500.0,10.7,0.4,97.3,45.9,0.0
PROD-0313,MINE-001,2026-08-09,1885.7,2500.0,12.6,2.2,86.3,5.5,1.2
PROD-0314,MINE-001,2026-08-10,2159.8,2500.0,14.2,1.8,88.9,0.0,0.0
PROD-0315,MINE-001,2026-08-11,2064.9,2500.0,14.1,1.9,88.1,7.0,0.0
PROD-0316,MINE-001,2026-08-12,725.2,2500.0,4.0,1.8,88.6,69.2,1.8
PROD-0317,MINE-001,2026-08-13,2009.1,2500.0,13.7,2.3,85.8,0.0,0.0
PROD-0318,MINE-001,2026-08-14,2240.7,2500.0,14.8,1.2,92.3,6.2,0.0
PROD-0319,MINE-001,2026-08-15,2171.5,2500.0,14.1,0.6,96.1,17.2,0.9
PROD-0320,MINE-001,2026-08-16,1910.8,2500.0,13.2,2.8,82.5,5.2,0.0
PROD-0321,MINE-001,2026-08-17,858.9,2500.0,8.9,6.6,58.6,18.4,0.0
PROD-0322,MINE-001,2026-08-18,907.4,2500.0,7.2,6.8,57.2,11.6,2.0
PROD-0323,MINE-001,2026-08-19,2080.2,2500.0,13.9,2.1,87.0,9.4,0.0
PROD-0324,MINE-001,2026-08-20,2236.5,2500.0,14.3,1.7,89.6,13.6,0.0
PROD-0325,MINE-001,2026-08-21,1963.6,2500.0,13.2,2.1,87.0,0.0,0.7
PROD-0326,MINE-001,2026-08-22,2047.8,2500.0,13.5,1.4,91.4,21.8,0.0
PROD-0327,MINE-001,2026-08-23,1936.7,2500.0,13.5,2.5,84.3,10.8,0.0
PROD-0328,MINE-001,2026-08-24,2265.0,2500.0,13.9,0.6,96.3,0.0,1.5
PROD-0329,MINE-001,2026-08-25,1350.1,2500.0,11.4,4.6,71.1,0.0,0.0
PROD-0330,MINE-001,2026-08-26,1803.7,2500.0,13.2,2.8,82.3,0.0,0.0
PROD-0331,MINE-001,2026-08-27,1775.6,2500.0,11.8,2.0,87.2,22.9,0.9
PROD-0332,MINE-001,2026-08-28,2234.9,2500.0,14.1,1.1,93.3,19.7,0.0
PROD-0333,MINE-001,2026-08-29,1175.6,2500.0,10.7,5.3,66.6,10.2,0.0
PROD-0334,MINE-001,2026-08-30,1893.4,2500.0,12.6,2.4,85.3,12.3,1.0
PROD-0335,MINE-001,2026-08-31,2333.2,2500.0,15.2,0.8,94.9,0.0,0.0
PROD-0336,MINE-001,2026-09-01,2116.9,2500.0,14.0,2.0,87.5,0.0,0.0
PROD-0337,MINE-001,2026-09-02,996.1,2500.0,9.0,6.3,60.9,7.5,0.7
PROD-0338,MINE-001,2026-09-03,2047.9,2500.0,13.8,2.2,86.1,9.8,0.0
PROD-0339,MINE-001,2026-09-04,1999.7,2500.0,14.3,1.7,89.2,0.0,0.0
PROD-0340,MINE-001,2026-09-05,1530.8,2500.0,11.1,1.9,87.9,27.8,1.0
PROD-0341,MINE-001,2026-09-06,985.0,2500.0,7.5,2.3,85.7,53.6,0.0
PROD-0342,MINE-001,2026-09-07,1845.2,2500.0,13.4,2.6,83.8,3.5,0.0
PROD-0343,MINE-001,2026-09-08,1377.9,2500.0,9.7,1.8,88.8,34.6,1.4
PROD-0344,MINE-001,2026-09-09,2156.9,2500.0,13.9,2.1,86.6,0.0,0.0
PROD-0345,MINE-001,2026-09-10,2584.9,2500.0,15.5,0.5,96.9,0.0,0.0
PROD-0346,MINE-001,2026-09-11,603.2,2500.0,4.0,0.4,97.4,84.9,0.9
PROD-0347,MINE-001,2026-09-12,2460.7,2500.0,15.1,0.9,94.5,0.9,0.0
PROD-0348,MINE-001,2026-09-13,1138.0,2500.0,10.8,5.2,67.3,0.0,0.0
PROD-0349,MINE-001,2026-09-14,1589.1,2500.0,12.0,2.8,82.8,0.0,1.2
PROD-0350,MINE-001,2026-09-15,764.9,2500.0,8.3,7.7,51.7,0.0,0.0
PROD-0351,MINE-001,2026-09-16,2599.9,2500.0,15.5,0.5,97.0,0.0,0.0
PROD-0352,MINE-001,2026-09-17,1915.3,2500.0,13.3,2.1,86.6,9.8,0.6
PROD-0353,MINE-001,2026-09-18,2096.4,2500.0,14.3,1.7,89.5,2.8,0.0
PROD-0354,MINE-001,2026-09-19,2532.4,2500.0,15.2,0.8,94.9,0.0,0.0
PROD-0355,MINE-001,2026-09-20,2262.0,2500.0,14.6,0.9,94.2,0.0,0.5
PROD-0356,MINE-001,2026-09-21,2031.5,2500.0,14.0,2.0,87.2,7.0,0.0
PROD-0357,MINE-001,2026-09-22,2144.2,2500.0,14.1,1.9,88.3,14.5,0.0
PROD-0358,MINE-001,2026-09-23,1865.2,2500.0,12.7,2.5,84.1,0.0,0.8
PROD-0359,MINE-001,2026-09-24,2215.7,2500.0,14.7,1.3,91.8,0.5,0.0
PROD-0360,MINE-001,2026-09-25,2100.8,2500.0,14.2,1.8,88.8,0.0,0.0
PROD-0361,MINE-001,2026-09-26,2053.5,2500.0,13.4,1.4,91.4,0.0,1.2
PROD-0362,MINE-001,2026-09-27,2052.7,2500.0,12.1,0.4,97.3,36.8,0.0
PROD-0363,MINE-001,2026-09-28,1951.6,2500.0,13.4,2.6,84.0,0.0,0.0
PROD-0364,MINE-001,2026-09-29,518.7,2500.0,4.0,4.8,69.7,102.3,0.7
PROD-0365,MINE-001,2026-09-30,1433.2,2500.0,10.1,3.5,78.0,29.8,0.0
